Year,Player,Pos,Age,Tm,G,GS,MP,FG,FGA,FG%,3P,3PA,3P%,2P,2PA,2P%,eFG%,FT,FTA,FT%,ORB,DRB,TRB,AST,STL,BLK,TOV,PF,PTS,WS,VORP,PER
2020,Steven Adams,C,26,OKC,52,52,1410,239,408,0.586,1,3,0.333,238,405,0.588,0.587,101,166,0.608,178,317,495,130,43,61,77,101,580,5.7,1.9,21.2
2020,Bam Adebayo,PF,22,MIA,57,57,1968,359,621,0.578,1,12,0.083,358,609,0.588,0.579,201,293,0.686,147,450,597,291,74,70,160,141,920,7.5,2.9,20.9
2020,LaMarcus Aldridge,C,34,SAS,52,52,1717,381,770,0.495,60,153,0.392,321,617,0.52,0.534,155,187,0.829,103,287,390,127,33,83,73,127,977,4.5,1.5,19.9
2020,Nickeil Alexander-Walker,SG,21,NOP,41,0,501,77,227,0.339,40,117,0.342,37,110,0.336,0.427,17,28,0.607,8,72,80,74,11,7,40,46,211,-0.4,-0.4,7.6
2020,Grayson Allen,SG,24,MEM,30,0,498,79,176,0.449,33,91,0.363,46,85,0.541,0.543,30,35,0.857,5,61,66,43,6,1,23,36,221,0.7,-0.1,11.4
2020,Jarrett Allen,C,21,BRK,56,52,1473,241,374,0.644,0,5,0,241,369,0.653,0.644,132,210,0.629,171,366,537,80,34,81,62,130,614,6.6,1.7,20.7
2020,Kadeem Allen,SG,27,NYK,10,0,117,19,44,0.432,5,16,0.313,14,28,0.5,0.489,7,11,0.636,2,7,9,21,5,2,8,7,50,0.1,0,14.1
2020,Al-Farouq Aminu,PF,29,ORL,18,2,380,25,86,0.291,9,36,0.25,16,50,0.32,0.343,19,29,0.655,24,63,87,21,18,8,17,27,78,0.1,-0.1,7.7
2020,Justin Anderson,SF,26,BRK,3,0,17,1,6,0.167,0,3,0,1,3,0.333,0.167,1,2,0.5,0,2,2,0,0,1,0,2,3,-0.1,-0.1,-3.8
2020,Kyle Anderson,PF,26,MEM,51,12,934,116,232,0.5,10,47,0.213,106,185,0.573,0.522,38,58,0.655,48,170,218,110,41,24,45,78,280,1.9,0.6,13.4
2020,Ryan Anderson,PF,31,HOU,2,0,14,2,7,0.286,1,5,0.2,1,2,0.5,0.357,0,0,,0,7,7,2,1,0,1,1,5,0,0,9.5
2020,Giannis Antetokounmpo,PF,25,MIL,52,52,1606,567,1029,0.551,77,245,0.314,490,784,0.625,0.588,332,535,0.621,122,590,712,302,55,57,194,162,1543,9.6,5.4,32
2020,Kostas Antetokounmpo,PF,22,LAL,3,0,5,0,0,,0,0,,0,0,,,0,0,,0,1,1,1,0,0,0,0,0,0,0,8.6
2020,Thanasis Antetokounmpo,SF,27,MIL,15,1,61,13,23,0.565,0,3,0,13,20,0.65,0.565,4,9,0.444,6,1,7,6,2,1,5,9,30,0.1,0,13.7
2020,Carmelo Anthony,PF,35,POR,43,43,1403,252,603,0.418,64,178,0.36,188,425,0.442,0.471,100,118,0.847,54,222,276,63,35,20,74,125,668,0.7,-0.7,12.1
2020,OG Anunoby,SF,22,TOR,57,56,1670,233,467,0.499,70,190,0.368,163,277,0.588,0.574,47,70,0.671,63,242,305,90,68,40,71,134,583,4.2,1.1,12.5
2020,Ryan Arcidiacono,PG,25,CHI,55,4,866,81,205,0.395,50,131,0.382,31,74,0.419,0.517,25,34,0.735,17,83,100,90,24,3,35,92,237,1.1,-0.2,8.5
2020,Trevor Ariza,SF,34,TOT,46,14,1246,116,263,0.441,61,166,0.367,55,97,0.567,0.557,42,50,0.84,30,186,216,73,60,12,46,94,335,2.1,0,10.8
2020,Trevor Ariza,SF,34,SAC,32,0,791,64,165,0.388,43,122,0.352,21,43,0.488,0.518,21,27,0.778,21,125,146,50,35,7,28,63,192,1.2,0.3,9.5
2020,Trevor Ariza,SF,34,POR,14,14,455,52,98,0.531,18,44,0.409,34,54,0.63,0.622,21,23,0.913,9,61,70,23,25,5,18,31,143,1,0.2,13.1
2020,D.J. Augustin,PG,32,ORL,41,6,1043,128,332,0.386,47,141,0.333,81,191,0.424,0.456,115,131,0.878,15,82,97,187,29,1,58,45,418,2.1,0.2,13.8
2020,Deandre Ayton,C,21,PHO,26,21,853,221,401,0.551,0,2,0,221,399,0.554,0.551,50,64,0.781,108,202,310,53,18,41,54,83,492,2.4,0.7,21.2
2020,Dwayne Bacon,SG,24,CHO,39,11,687,85,244,0.348,19,67,0.284,66,177,0.373,0.387,35,53,0.66,15,85,100,52,23,2,37,52,224,-0.8,-0.8,6.1
2020,Marvin Bagley,PF,20,SAC,13,6,334,78,167,0.467,4,22,0.182,74,145,0.51,0.479,25,31,0.806,29,68,97,10,6,12,18,43,185,0.4,-0.1,15.8
2020,Lonzo Ball,PG,22,NOP,50,41,1601,220,551,0.399,116,317,0.366,104,234,0.444,0.505,30,53,0.566,56,247,303,341,65,24,148,98,586,1.8,0.8,12.8
2020,Mo Bamba,C,21,ORL,52,0,772,114,244,0.467,30,90,0.333,84,154,0.545,0.529,22,32,0.688,77,177,254,36,20,77,39,97,280,2,0.5,16.8
2020,J.J. Barea,PG,35,DAL,19,4,304,66,148,0.446,25,58,0.431,41,90,0.456,0.53,16,16,1,10,33,43,76,3,2,28,17,173,0.8,0.3,18.4
2020,Harrison Barnes,PF,27,SAC,57,57,1985,295,639,0.462,83,218,0.381,212,421,0.504,0.527,176,220,0.8,52,219,271,128,33,9,69,72,849,3.9,0.4,13.5
2020,RJ Barrett,SG,19,NYK,47,46,1433,237,606,0.391,50,161,0.311,187,445,0.42,0.432,128,213,0.601,46,193,239,114,45,16,102,106,652,-0.7,-1,10
2020,Will Barton,SF,29,DEN,51,51,1685,285,641,0.445,90,237,0.38,195,404,0.483,0.515,93,122,0.762,73,254,327,193,55,26,74,107,753,4.2,1.4,15.8
2020,Keita Bates-Diop,SF,24,TOT,39,0,665,89,208,0.428,31,94,0.33,58,114,0.509,0.502,49,69,0.71,21,91,112,30,17,21,14,38,258,1.1,0,12.7
2020,Keita Bates-Diop,SF,24,MIN,37,0,646,87,206,0.422,31,94,0.33,56,112,0.5,0.498,46,65,0.708,21,89,110,30,17,20,14,36,251,1.1,0.2,12.6
2020,Keita Bates-Diop,SF,24,DEN,2,0,19,2,2,1,0,0,,2,2,1,1,3,4,0.75,0,2,2,0,0,1,0,2,7,0.1,0,15.9
2020,Nicolas Batum,SF,31,CHO,22,3,505,28,81,0.346,14,49,0.286,14,32,0.438,0.432,9,10,0.9,25,75,100,66,17,8,22,41,79,0.5,0,9.1
2020,Aron Baynes,C,33,PHO,36,25,796,154,314,0.49,44,131,0.336,110,183,0.601,0.561,44,61,0.721,60,139,199,64,8,20,41,126,396,1.8,0.3,15
2020,Kent Bazemore,SF-SG,30,TOT,57,21,1417,159,435,0.366,72,209,0.344,87,226,0.385,0.448,94,124,0.758,21,215,236,74,63,37,76,161,484,0.4,0,9
2020,Kent Bazemore,SF,30,POR,43,21,1111,113,326,0.347,56,171,0.327,57,155,0.368,0.433,58,72,0.806,13,159,172,61,45,31,60,121,340,-0.1,-0.3,7.6
2020,Kent Bazemore,SG,30,SAC,14,0,306,46,109,0.422,16,38,0.421,30,71,0.423,0.495,36,52,0.692,8,56,64,13,18,6,16,40,144,0.6,0,14
2020,Darius Bazley,PF,19,OKC,53,8,909,88,230,0.383,30,100,0.3,58,130,0.446,0.448,32,47,0.681,21,175,196,29,20,35,40,45,238,0.4,-0.1,8.2
2020,Bradley Beal,SG,26,WAS,49,49,1750,502,1099,0.457,131,397,0.33,371,702,0.528,0.516,339,401,0.845,48,165,213,293,53,19,170,112,1474,4.2,1.9,22.8
2020,Malik Beasley,SG,23,TOT,47,6,949,165,408,0.404,83,219,0.379,82,189,0.434,0.506,43,52,0.827,15,98,113,60,34,8,47,67,456,0.9,0,11.7
2020,Malik Beasley,SG,23,DEN,41,0,746,117,301,0.389,58,161,0.36,59,140,0.421,0.485,33,38,0.868,9,68,77,48,31,6,36,50,325,0.6,-0.2,10.5
2020,Malik Beasley,SG,23,MIN,6,6,203,48,107,0.449,25,58,0.431,23,49,0.469,0.565,10,14,0.714,6,30,36,12,3,2,11,17,131,0.3,0,15.9
2020,Marco Belinelli,SG,33,SAS,48,0,725,94,250,0.376,49,140,0.35,45,110,0.409,0.474,32,41,0.78,3,75,78,62,9,0,14,38,269,0.4,-0.3,9.5
2020,Jordan Bell,C-PF,25,TOT,28,0,250,33,64,0.516,3,11,0.273,30,53,0.566,0.539,19,31,0.613,29,51,80,16,3,10,21,18,88,0.3,0,13.7
2020,Jordan Bell,C,25,MIN,27,0,235,32,60,0.533,2,9,0.222,30,51,0.588,0.55,17,29,0.586,28,50,78,14,2,10,18,17,83,0.4,0,14.2
2020,Jordan Bell,PF,25,MEM,1,0,15,1,4,0.25,1,2,0.5,0,2,0,0.375,2,2,1,1,1,2,2,1,0,3,1,5,0,0,5.7
2020,DeAndre' Bembry,SG,25,ATL,43,4,915,104,228,0.456,15,65,0.231,89,163,0.546,0.489,26,48,0.542,34,118,152,81,55,19,60,84,249,0.2,-0.1,9.6
2020,Dragan Bender,SF,22,TOT,9,0,136,12,33,0.364,6,16,0.375,6,17,0.353,0.455,2,5,0.4,4,26,30,13,1,6,8,18,32,0.1,0,6.2
2020,Dragan Bender,SF,22,MIL,7,0,91,10,21,0.476,4,9,0.444,6,12,0.5,0.571,2,3,0.667,0,20,20,9,0,5,5,16,26,0.2,0,8.5
2020,Dragan Bender,SF,22,GSW,2,0,45,2,12,0.167,2,7,0.286,0,5,0,0.25,0,2,0,4,6,10,4,1,1,3,2,6,-0.1,-0.1,1.6
2020,D?vis Bert?ns,PF,27,WAS,46,4,1354,222,510,0.435,163,386,0.422,59,124,0.476,0.595,85,98,0.867,33,182,215,82,33,30,48,116,692,3,1,15.5
2020,Patrick Beverley,PG,31,LAC,41,41,1140,127,294,0.432,66,179,0.369,61,115,0.53,0.544,24,38,0.632,52,182,234,161,50,25,56,129,344,3.1,1.3,13.1
2020,Khem Birch,C,27,ORL,38,24,773,56,113,0.496,0,1,0,56,112,0.5,0.496,41,67,0.612,70,110,180,35,16,21,23,73,153,1.6,-0.2,10.4
2020,Goga Bitadze,C,20,IND,44,2,383,55,115,0.478,5,28,0.179,50,87,0.575,0.5,22,31,0.71,22,70,92,21,5,30,24,54,137,0.6,0,12.2
2020,Bismack Biyombo,C,27,CHO,48,26,903,134,247,0.543,0,0,,134,247,0.543,0.543,80,135,0.593,112,163,275,41,9,39,44,103,348,2,-0.2,16
2020,Nemanja Bjelica,PF,31,SAC,57,54,1619,258,539,0.479,115,261,0.441,143,278,0.514,0.585,53,64,0.828,94,266,360,162,49,32,83,175,684,4.4,1.6,16
2020,Eric Bledsoe,PG,30,MIL,50,50,1367,290,602,0.482,66,187,0.353,224,415,0.54,0.537,146,177,0.825,37,204,241,274,46,24,121,106,792,5.1,1.6,18.9
2020,Bogdan Bogdanovi?,SG,27,SAC,46,13,1303,242,559,0.433,118,325,0.363,124,234,0.53,0.538,64,90,0.711,16,127,143,142,44,11,80,97,666,1.8,0.7,14.1
2020,Bojan Bogdanovi?,SF,30,UTA,56,56,1865,377,841,0.448,172,411,0.418,205,430,0.477,0.551,229,254,0.902,33,200,233,115,33,6,143,97,1155,4.1,1.2,16
2020,Jonah Bolden,PF,24,TOT,7,0,47,4,11,0.364,0,4,0,4,7,0.571,0.364,2,4,0.5,3,6,9,0,3,2,2,10,10,0,0,4.9
2020,Jonah Bolden,PF,24,PHI,4,0,14,2,3,0.667,0,1,0,2,2,1,0.667,0,2,0,0,1,1,0,1,0,2,4,4,0,0,-2
2020,Jonah Bolden,PF,24,PHO,3,0,33,2,8,0.25,0,3,0,2,5,0.4,0.25,2,2,1,3,5,8,0,2,2,0,6,6,0,0,7.9
2020,Marques Bolden,C,21,CLE,1,0,3,0,0,,0,0,,0,0,,,0,0,,0,2,2,0,1,0,0,1,0,0,0,19.8
2020,Jordan Bone,PG,22,DET,10,0,53,5,20,0.25,2,10,0.2,3,10,0.3,0.3,0,0,,0,4,4,8,1,0,2,6,12,-0.1,-0.1,0.8
2020,Isaac Bonga,SF,20,WAS,51,36,909,87,165,0.527,18,46,0.391,69,119,0.58,0.582,46,58,0.793,55,114,169,54,34,18,36,120,238,1.5,0,10.9
2020,Devin Booker,SG,23,PHO,55,55,1972,488,990,0.493,109,301,0.362,379,689,0.55,0.548,363,394,0.921,26,206,232,352,40,13,212,163,1448,5.8,2.1,20.5
2020,Chris Boucher,PF,27,TOR,50,0,657,110,238,0.462,25,88,0.284,85,150,0.567,0.515,73,93,0.785,86,136,222,22,18,50,21,94,318,3,0.6,20.2
2020,Brian Bowen,SG,21,IND,4,0,14,2,5,0.4,0,1,0,2,4,0.5,0.4,0,0,,0,3,3,0,0,1,0,0,4,0,0,8
2020,Ky Bowman,PG,22,GSW,43,12,960,124,306,0.405,31,103,0.301,93,203,0.458,0.456,34,41,0.829,24,90,114,128,42,9,62,95,313,0,-0.6,9.3
2020,Avery Bradley,SG,29,LAL,42,37,990,143,318,0.45,47,133,0.353,96,185,0.519,0.524,16,20,0.8,17,81,98,48,36,4,39,96,349,1.2,-0.2,8.7
2020,Tony Bradley,C,22,UTA,43,2,438,81,126,0.643,0,0,,81,126,0.643,0.643,23,36,0.639,73,105,178,11,10,18,22,86,185,2,0.2,19.9
2020,Jarrell Brantley,PF,23,UTA,3,0,11,0,0,,0,0,,0,0,,,0,0,,0,5,5,1,0,2,1,1,0,0,0,9.4
2020,Ignas Brazdeikis,SF,21,NYK,9,0,53,6,22,0.273,1,9,0.111,5,13,0.385,0.295,4,5,0.8,2,3,5,4,0,1,2,3,17,-0.1,-0.1,3.3
2020,Mikal Bridges,SF,23,PHO,58,17,1497,173,341,0.507,41,124,0.331,132,217,0.608,0.567,81,97,0.835,50,176,226,93,86,32,55,131,468,3.5,1,12.7
2020,Miles Bridges,SF,21,CHO,57,56,1750,288,658,0.438,90,264,0.341,198,394,0.503,0.506,90,112,0.804,79,239,318,99,37,40,84,118,756,1.7,-0.1,12.8
2020,Oshae Brissett,SF,21,TOR,19,0,135,13,36,0.361,3,15,0.2,10,21,0.476,0.403,8,10,0.8,9,17,26,7,4,1,7,18,37,0.1,-0.1,6.7
2020,Ryan Broekhoff,SG,29,DAL,17,1,180,22,59,0.373,20,51,0.392,2,8,0.25,0.542,7,8,0.875,5,38,43,11,5,4,6,15,71,0.4,0.1,13.2
2020,Malcolm Brogdon,PG,27,IND,44,44,1352,263,605,0.435,58,185,0.314,205,420,0.488,0.483,131,147,0.891,39,172,211,318,30,8,110,82,715,3,1.2,17.6
2020,Dillon Brooks,SG,24,MEM,57,57,1610,316,781,0.405,112,300,0.373,204,481,0.424,0.476,124,153,0.81,54,137,191,118,53,23,94,217,868,0.9,-0.9,11.4
2020,Bruce Brown,SG,23,DET,56,42,1572,189,427,0.443,31,92,0.337,158,335,0.472,0.479,87,118,0.737,58,207,265,217,63,29,97,157,496,2.1,0.3,11.9
2020,Charlie Brown,SG,22,ATL,10,0,40,6,19,0.316,3,9,0.333,3,10,0.3,0.395,5,5,1,2,2,4,2,2,2,3,3,20,0,0,11.1
2020,Jaylen Brown,SF,23,BOS,47,47,1586,354,717,0.494,99,260,0.381,255,457,0.558,0.563,151,203,0.744,50,252,302,101,53,14,111,140,958,4.3,1.2,17.3
2020,Moses Brown,C,20,POR,9,0,33,4,10,0.4,0,0,,4,10,0.4,0.4,3,8,0.375,3,11,14,1,1,1,3,7,11,0,-0.1,6.8
2020,Sterling Brown,SF,24,MIL,40,0,570,70,186,0.376,31,95,0.326,39,91,0.429,0.46,26,33,0.788,26,121,147,37,21,6,32,43,197,1,0,9.9
2020,Troy Brown,SG,20,WAS,53,14,1354,208,455,0.457,41,127,0.323,167,328,0.509,0.502,76,101,0.752,58,230,288,122,72,5,56,98,533,2,0.3,13.9
2020,Jalen Brunson,PG,23,DAL,57,16,1022,181,388,0.466,43,120,0.358,138,268,0.515,0.522,61,75,0.813,22,112,134,188,22,4,66,74,466,2.3,0.3,15.1
2020,Thomas Bryant,C,22,WAS,31,23,769,157,266,0.59,15,44,0.341,142,222,0.64,0.618,56,77,0.727,65,160,225,64,11,28,41,70,385,2.3,0.5,19.6
2020,Reggie Bullock,SG,28,NYK,23,19,585,83,209,0.397,36,105,0.343,47,104,0.452,0.483,16,19,0.842,13,44,57,35,24,1,14,52,218,0.6,-0.1,10.1
2020,Trey Burke,PG,27,PHI,25,0,329,59,127,0.465,16,38,0.421,43,89,0.483,0.528,13,18,0.722,15,20,35,53,7,1,12,21,147,0.9,0.1,15.4
2020,Alec Burks,SG,28,TOT,52,18,1472,257,634,0.405,88,238,0.37,169,396,0.427,0.475,207,231,0.896,39,196,235,157,52,17,78,114,809,2.6,0,15.9
2020,Alec Burks,SG,28,GSW,48,18,1390,244,601,0.406,84,224,0.375,160,377,0.424,0.476,201,224,0.897,37,189,226,151,50,17,76,107,773,2.5,0.7,16.2
2020,Alec Burks,SG,28,PHI,4,0,82,13,33,0.394,4,14,0.286,9,19,0.474,0.455,6,7,0.857,2,7,9,6,2,0,2,7,36,0.1,0,10.8
2020,Deonte Burton,SG,26,OKC,31,0,258,35,95,0.368,8,40,0.2,27,55,0.491,0.411,6,12,0.5,5,35,40,11,4,10,10,27,84,-0.2,-0.2,6.1
2020,Jimmy Butler,SF,30,MIA,47,47,1616,290,640,0.453,28,114,0.246,262,526,0.498,0.475,358,428,0.836,87,236,323,290,84,26,107,66,966,7.5,3.1,23.8
2020,Bruno Caboclo,SF,24,TOT,24,0,200,28,71,0.394,4,27,0.148,24,44,0.545,0.423,2,3,0.667,18,29,47,10,12,13,9,24,62,0.1,0,11.5
2020,Bruno Caboclo,SF,24,MEM,22,0,192,28,69,0.406,4,25,0.16,24,44,0.545,0.435,2,3,0.667,17,27,44,10,10,12,7,23,62,0.2,0,11.9
2020,Bruno Caboclo,SF,24,HOU,2,0,8,0,2,0,0,2,0,0,0,,0,0,0,,1,2,3,0,2,1,2,1,0,0,0,0.9
2020,Kentavious Caldwell-Pope,SG,26,LAL,56,20,1425,193,411,0.47,81,199,0.407,112,212,0.528,0.568,71,90,0.789,35,83,118,96,47,11,52,103,538,3.4,0.6,11.7
2020,Vlatko ?an?ar,SF,22,DEN,11,0,38,5,11,0.455,1,5,0.2,4,6,0.667,0.5,4,4,1,3,5,8,3,1,1,3,6,15,0.1,0,13
2020,Clint Capela,C,25,HOU,39,39,1279,244,388,0.629,0,0,,244,388,0.629,0.629,55,104,0.529,168,369,537,48,33,72,63,102,543,5,1.2,20.7
2020,DeMarre Carroll,SF,33,TOT,17,0,163,12,34,0.353,4,16,0.25,8,18,0.444,0.412,14,25,0.56,9,29,38,15,3,2,13,21,42,-0.1,0,6.4
2020,DeMarre Carroll,SF,33,SAS,15,0,135,9,29,0.31,3,13,0.231,6,16,0.375,0.362,12,20,0.6,7,24,31,11,2,2,10,20,33,-0.1,-0.2,5
2020,DeMarre Carroll,SF,33,HOU,2,0,28,3,5,0.6,1,3,0.333,2,2,1,0.7,2,5,0.4,2,5,7,4,1,0,3,1,9,0,0,13.2
2020,Jevon Carter,PG,24,PHO,43,2,615,67,164,0.409,38,90,0.422,29,74,0.392,0.524,15,18,0.833,22,59,81,59,32,11,28,61,187,1,0.3,10.8
2020,Vince Carter,SF,43,ATL,52,0,769,92,262,0.351,51,174,0.293,41,88,0.466,0.448,23,29,0.793,14,97,111,44,19,25,30,82,258,-0.2,-0.4,7.5
2020,Wendell Carter,C,20,CHI,37,37,1109,166,309,0.537,6,28,0.214,160,281,0.569,0.547,95,129,0.736,130,236,366,44,30,33,62,142,433,3.1,0,16.1
2020,Michael Carter-Williams,SG,28,ORL,34,0,609,77,185,0.416,12,49,0.245,65,136,0.478,0.449,50,64,0.781,35,77,112,88,37,16,35,56,216,1.4,0.4,15.3
2020,Alex Caruso,PG,25,LAL,53,0,957,103,240,0.429,35,100,0.35,68,140,0.486,0.502,55,70,0.786,13,88,101,96,56,15,42,83,296,2.1,0.5,11.3
2020,Willie Cauley-Stein,C,26,TOT,50,39,1051,167,291,0.574,0,1,0,167,290,0.576,0.574,39,63,0.619,80,216,296,67,49,58,39,118,373,2.7,0,16.9
2020,Willie Cauley-Stein,C,26,GSW,41,37,940,144,257,0.56,0,0,,144,257,0.56,0.56,35,57,0.614,71,184,255,60,45,50,35,102,323,2.2,0.5,16.2
2020,Willie Cauley-Stein,C,26,DAL,9,2,111,23,34,0.676,0,1,0,23,33,0.697,0.676,4,6,0.667,9,32,41,7,4,8,4,16,50,0.5,0.1,23
2020,Tyson Chandler,C,37,HOU,26,5,219,14,18,0.778,0,0,,14,18,0.778,0.778,6,13,0.462,25,41,66,6,6,8,8,32,34,0.6,0,10.8
2020,Wilson Chandler,SF,32,BRK,28,0,595,63,151,0.417,29,96,0.302,34,55,0.618,0.513,18,21,0.857,11,113,124,32,16,11,27,61,173,0.8,0,8.6
2020,Joe Chealey,PG,24,CHO,2,0,19,0,3,0,0,2,0,0,1,0,0,0,0,,0,0,0,1,3,0,0,2,0,0,0,1.9
2020,Zylan Cheatham,SF,24,NOP,3,0,31,2,5,0.4,0,1,0,2,4,0.5,0.4,0,0,,1,5,6,2,0,1,3,5,4,-0.1,-0.1,0.1
2020,Chris Chiozza,PG,24,TOT,15,0,150,13,44,0.295,8,22,0.364,5,22,0.227,0.386,0,0,,1,18,19,35,12,2,10,12,34,0,0,9.8
2020,Chris Chiozza,PG,24,WAS,10,0,123,10,34,0.294,7,16,0.438,3,18,0.167,0.397,0,0,,0,15,15,28,10,2,9,12,27,0,0,9.2
2020,Chris Chiozza,PG,24,BRK,5,0,27,3,10,0.3,1,6,0.167,2,4,0.5,0.35,0,0,,1,3,4,7,2,0,1,0,7,0,0,12.9
2020,Marquese Chriss,PF,22,GSW,52,14,1003,177,326,0.543,8,36,0.222,169,290,0.583,0.555,103,135,0.763,96,203,299,90,32,54,67,103,465,2.7,0.6,19.3
2020,Gary Clark,PF,25,TOT,31,0,378,36,95,0.379,27,82,0.329,9,13,0.692,0.521,8,9,0.889,25,51,76,13,4,13,4,29,107,0.8,0,10.9
2020,Gary Clark,PF,25,HOU,18,0,212,23,59,0.39,18,51,0.353,5,8,0.625,0.542,6,7,0.857,11,29,40,12,2,7,2,21,70,0.6,0.1,11.9
2020,Gary Clark,PF,25,ORL,13,0,166,13,36,0.361,9,31,0.29,4,5,0.8,0.486,2,2,1,14,22,36,1,2,6,2,8,37,0.3,-0.1,9.7
2020,Brandon Clarke,PF,23,MEM,50,3,1086,254,408,0.623,21,52,0.404,233,356,0.654,0.648,73,93,0.785,78,214,292,72,26,42,46,82,602,4.2,1.5,21.8
2020,Jordan Clarkson,SG,27,TOT,56,0,1363,314,673,0.467,120,319,0.376,194,354,0.548,0.556,115,136,0.846,39,107,146,115,36,15,70,79,863,3.4,0,18.6
2020,Jordan Clarkson,SG,27,CLE,29,0,666,144,326,0.442,59,159,0.371,85,167,0.509,0.532,76,86,0.884,21,48,69,70,17,8,39,33,423,1.5,0.8,18.8
2020,Jordan Clarkson,SG,27,UTA,27,0,697,170,347,0.49,61,160,0.381,109,187,0.583,0.578,39,50,0.78,18,59,77,45,19,7,31,46,440,1.9,0.7,18.3
2020,Nicolas Claxton,PF,20,BRK,14,0,183,26,46,0.565,1,7,0.143,25,39,0.641,0.576,9,19,0.474,19,24,43,16,1,8,9,14,62,0.5,0.1,14.5
2020,Chris Clemons,SG,22,HOU,28,0,246,50,124,0.403,33,93,0.355,17,31,0.548,0.536,6,7,0.857,3,20,23,21,6,5,17,20,139,0.2,0.1,12.7
2020,Antonius Cleveland,SG,25,DAL,6,0,22,2,6,0.333,0,1,0,2,5,0.4,0.333,1,2,0.5,0,3,3,0,1,1,1,2,5,0,0,3
2020,Amir Coffey,SG,22,LAC,8,0,75,9,21,0.429,1,5,0.2,8,16,0.5,0.452,1,3,0.333,3,8,11,5,1,1,2,9,20,0.1,-0.1,6.5
2020,John Collins,PF,22,ATL,33,33,1074,278,482,0.577,43,115,0.374,235,367,0.64,0.621,88,110,0.8,89,250,339,45,24,54,58,116,687,3.7,1.3,23
2020,Zach Collins,PF,22,POR,3,3,86,9,19,0.474,3,7,0.429,6,12,0.5,0.553,6,6,1,4,8,12,6,0,2,6,11,27,0.1,0,9
2020,Mike Conley,PG,32,UTA,34,28,950,158,401,0.394,58,165,0.352,100,236,0.424,0.466,80,102,0.784,20,90,110,141,22,4,63,76,454,1.3,0.3,12.7
2020,Pat Connaughton,SG,27,MIL,54,0,974,102,224,0.455,37,115,0.322,65,109,0.596,0.538,18,25,0.72,47,180,227,86,16,28,40,50,259,2.6,0.6,11.1
2020,Quinn Cook,PG,26,LAL,34,0,387,71,160,0.444,23,60,0.383,48,100,0.48,0.516,6,9,0.667,7,32,39,38,10,1,23,20,171,0.4,-0.1,10.8
2020,Tyler Cook,PF,22,CLE,11,0,35,7,10,0.7,0,0,,7,10,0.7,0.7,5,6,0.833,4,6,10,1,1,0,1,4,19,0.2,0,24
2020,Robert Covington,PF,29,TOT,55,53,1632,247,575,0.43,129,374,0.345,118,201,0.587,0.542,80,100,0.8,44,292,336,67,88,63,80,171,703,2.9,0,13.7
2020,Robert Covington,PF,29,MIN,48,47,1411,216,496,0.435,108,312,0.346,108,184,0.587,0.544,75,94,0.798,36,251,287,56,80,45,73,148,615,2.4,0.7,13.6
2020,Robert Covington,PF,29,HOU,7,6,221,31,79,0.392,21,62,0.339,10,17,0.588,0.525,5,6,0.833,8,41,49,11,8,18,7,23,88,0.5,0.2,14.5
2020,Allen Crabbe,SG,27,TOT,37,1,653,63,177,0.356,36,119,0.303,27,58,0.466,0.458,10,14,0.714,11,66,77,33,15,4,17,47,172,-0.1,0,6
2020,Allen Crabbe,SG,27,ATL,28,1,522,52,143,0.364,30,93,0.323,22,50,0.44,0.469,9,12,0.75,10,55,65,28,15,4,12,36,143,0.1,-0.3,7.2
2020,Allen Crabbe,SG,27,MIN,9,0,131,11,34,0.324,6,26,0.231,5,8,0.625,0.412,1,2,0.5,1,11,12,5,0,0,5,11,29,-0.2,-0.3,1.1
2020,Torrey Craig,SF,29,DEN,44,19,785,81,180,0.45,30,94,0.319,51,86,0.593,0.533,20,31,0.645,44,101,145,30,15,29,20,100,212,1.5,-0.1,9.9
2020,Jae Crowder,SF,29,TOT,51,46,1501,177,458,0.386,99,309,0.32,78,149,0.523,0.495,91,115,0.791,45,271,316,135,58,17,57,106,544,2.6,0,12.3
2020,Jae Crowder,SF,29,MEM,45,45,1322,147,399,0.368,78,266,0.293,69,133,0.519,0.466,75,95,0.789,40,237,277,125,47,14,54,85,447,1.7,0.2,11
2020,Jae Crowder,SF,29,MIA,6,1,179,30,59,0.508,21,43,0.488,9,16,0.563,0.686,16,20,0.8,5,34,39,10,11,3,3,21,97,0.9,0.3,22
2020,Jarrett Culver,SG,20,MIN,55,35,1337,197,502,0.392,56,197,0.284,141,305,0.462,0.448,51,110,0.464,62,126,188,100,52,36,75,105,501,-0.4,-0.7,9.2
2020,Seth Curry,SG,29,DAL,54,16,1294,226,471,0.48,116,268,0.433,110,203,0.542,0.603,67,76,0.882,26,103,129,107,32,8,53,90,635,3.5,0.9,15.4
2020,Stephen Curry,PG,31,GSW,4,4,112,27,66,0.409,9,37,0.243,18,29,0.621,0.477,18,18,1,4,16,20,26,5,2,15,10,81,0.2,0.1,20.3
2020,Troy Daniels,SG,28,LAL,39,0,446,60,153,0.392,39,108,0.361,21,45,0.467,0.52,10,15,0.667,12,32,44,14,8,3,9,30,169,0.7,0,9
2020,Anthony Davis,PF,26,LAL,49,49,1701,452,888,0.509,54,167,0.323,398,721,0.552,0.539,348,412,0.845,112,353,465,161,74,124,123,120,1306,9.2,4.4,28.1
2020,Ed Davis,C,30,UTA,25,0,268,14,34,0.412,0,0,,14,34,0.412,0.412,5,11,0.455,29,66,95,8,10,9,13,55,33,0.4,-0.1,7.3
2020,Terence Davis,SG,22,TOR,58,2,1019,174,367,0.474,86,207,0.415,88,160,0.55,0.591,40,45,0.889,45,159,204,99,32,12,59,95,474,3.2,1.1,15.4
2020,Dewayne Dedmon,C,30,TOT,40,14,678,87,214,0.407,19,91,0.209,68,123,0.553,0.451,26,31,0.839,48,163,211,19,19,38,52,120,219,0.1,0,9
2020,Dewayne Dedmon,C,30,SAC,34,10,541,69,171,0.404,14,71,0.197,55,100,0.55,0.444,23,28,0.821,46,121,167,15,15,26,47,93,175,0,-0.6,8.6
2020,Dewayne Dedmon,C,30,ATL,6,4,137,18,43,0.419,5,20,0.25,13,23,0.565,0.477,3,3,1,2,42,44,4,4,12,5,27,44,0.1,0,10.5
2020,Matthew Dellavedova,PG,29,CLE,49,0,584,42,130,0.323,11,69,0.159,31,61,0.508,0.365,25,28,0.893,12,42,54,124,15,1,43,63,120,-0.2,-0.6,6.7
2020,DeMar DeRozan,SF,30,SAS,54,54,1842,457,863,0.53,8,29,0.276,449,834,0.538,0.534,303,359,0.844,34,270,304,280,55,13,133,147,1225,5.5,1.8,21.6
2020,Cheick Diallo,C,23,PHO,40,2,423,82,124,0.661,1,2,0.5,81,122,0.664,0.665,30,35,0.857,25,89,114,20,10,11,27,52,195,1.2,0.1,16.8
2020,Hamidou Diallo,SF,21,OKC,33,2,621,90,198,0.455,5,30,0.167,85,168,0.506,0.467,26,40,0.65,25,84,109,21,26,6,33,70,211,0.2,-0.4,8.8
2020,Gorgui Dieng,C,30,TOT,50,17,853,138,301,0.458,50,129,0.388,88,172,0.512,0.542,50,62,0.806,77,204,281,61,43,47,47,101,376,2.5,0,18.3
2020,Gorgui Dieng,C,30,MIN,46,17,778,124,277,0.448,46,120,0.383,78,157,0.497,0.531,47,59,0.797,73,183,256,58,37,42,44,89,341,2.1,0.7,18
2020,Gorgui Dieng,C,30,MEM,4,0,75,14,24,0.583,4,9,0.444,10,15,0.667,0.667,3,3,1,4,21,25,3,6,5,3,12,35,0.3,0.2,21.5
2020,Spencer Dinwiddie,SG,26,BRK,56,41,1753,382,920,0.415,108,352,0.307,274,568,0.482,0.474,295,381,0.774,28,168,196,374,35,18,150,158,1167,4.4,1.7,17.9
2020,Donte DiVincenzo,SG,23,MIL,53,20,1211,182,400,0.455,66,194,0.34,116,206,0.563,0.538,52,67,0.776,55,199,254,114,75,14,64,86,482,3.8,1.1,14.6
2020,Luka Don?i?,PG,20,DAL,46,46,1502,435,935,0.465,134,413,0.324,301,522,0.577,0.537,320,420,0.762,64,375,439,396,48,9,192,111,1324,7.3,4.3,29.1
2020,Luguentz Dort,SG,20,OKC,23,15,487,51,119,0.429,18,57,0.316,33,62,0.532,0.504,21,28,0.75,12,23,35,17,21,1,13,61,141,0.6,-0.2,7.8
2020,Damyean Dotson,SG,25,NYK,47,0,823,118,282,0.418,59,161,0.366,59,121,0.488,0.523,22,32,0.688,8,80,88,57,22,4,21,44,317,1,0.1,11.1
2020,Sekou Doumbouya,SF,19,DET,32,19,647,80,205,0.39,27,90,0.3,53,115,0.461,0.456,27,40,0.675,16,89,105,14,18,7,32,68,214,-0.2,-0.7,6.4
2020,PJ Dozier,PG,23,DEN,17,0,225,34,85,0.4,7,26,0.269,27,59,0.458,0.441,7,11,0.636,5,25,30,28,7,5,11,27,82,0.1,-0.1,9.6
2020,Goran Dragi?,PG,33,MIA,46,1,1304,252,562,0.448,103,267,0.386,149,295,0.505,0.54,141,184,0.766,21,118,139,230,27,8,116,87,748,2.8,0.7,16.4
2020,Andre Drummond,C,26,TOT,54,53,1775,387,733,0.528,5,30,0.167,382,703,0.543,0.531,155,271,0.572,243,584,827,145,103,88,195,188,934,4,0,21.8
2020,Andre Drummond,C,26,DET,49,48,1654,360,679,0.53,1,21,0.048,359,658,0.546,0.531,149,255,0.584,226,549,775,138,97,82,174,176,870,4.1,1.3,22.2
2020,Andre Drummond,C,26,CLE,5,5,121,27,54,0.5,4,9,0.444,23,45,0.511,0.537,6,16,0.375,17,35,52,7,6,6,21,12,64,-0.1,-0.1,15.9
2020,Jared Dudley,SF,34,LAL,37,1,300,20,48,0.417,16,33,0.485,4,15,0.267,0.583,2,2,1,5,35,40,18,11,3,6,36,58,0.6,0.1,7.5
2020,Kris Dunn,PG,25,CHI,51,32,1269,152,342,0.444,29,112,0.259,123,230,0.535,0.487,40,54,0.741,23,163,186,173,101,17,68,158,373,2.3,0.4,12.2
2020,Carsen Edwards,SG,21,BOS,34,0,299,34,105,0.324,19,63,0.302,15,42,0.357,0.414,11,13,0.846,5,36,41,22,10,3,15,29,98,0.1,-0.2,6.5
2020,Henry Ellenson,PF,23,BRK,5,0,15,1,7,0.143,0,4,0,1,3,0.333,0.143,0,0,,2,4,6,1,0,0,0,1,2,-0.1,0,-1.2
2020,Wayne Ellington,SG,32,NYK,28,1,429,48,134,0.358,37,107,0.346,11,27,0.407,0.496,11,13,0.846,4,42,46,28,11,2,15,28,144,0.3,-0.1,8.4
2020,Joel Embiid,C,25,PHI,42,42,1294,322,683,0.471,54,158,0.342,268,525,0.51,0.511,300,366,0.82,117,389,506,134,37,57,130,148,998,5.6,2.4,25.8
2020,James Ennis,SF,29,TOT,53,2,854,108,247,0.437,39,114,0.342,69,133,0.519,0.516,58,73,0.795,54,109,163,43,23,15,33,89,313,2,0,12.2
2020,James Ennis,SF,29,PHI,49,0,776,100,226,0.442,37,106,0.349,63,120,0.525,0.524,48,61,0.787,48,102,150,41,23,14,31,85,285,1.9,0.1,12.3
2020,James Ennis,SF,29,ORL,4,2,78,8,21,0.381,2,8,0.25,6,13,0.462,0.429,10,12,0.833,6,7,13,2,0,1,2,4,28,0.1,-0.1,11.1
2020,Drew Eubanks,PF,22,SAS,8,0,42,10,15,0.667,0,0,,10,15,0.667,0.667,3,3,1,6,11,17,2,0,1,5,5,23,0.1,0,20.3
2020,Jacob Evans,SG,22,TOT,29,1,418,45,134,0.336,13,39,0.333,32,95,0.337,0.384,25,29,0.862,9,32,41,31,11,12,25,41,128,-0.5,0,5.6
2020,Jacob Evans,SG,22,GSW,27,1,414,45,133,0.338,13,38,0.342,32,95,0.337,0.387,25,29,0.862,9,32,41,31,11,12,25,41,128,-0.5,-0.5,5.7
2020,Jacob Evans,SG,22,MIN,2,0,4,0,1,0,0,1,0,0,0,,0,0,0,,0,0,0,0,0,0,0,0,0,0,0,-9.6
2020,Dante Exum,SG,24,TOT,35,1,485,56,119,0.471,15,43,0.349,41,76,0.539,0.534,32,43,0.744,12,55,67,40,13,8,31,38,159,0.4,0,10.4
2020,Dante Exum,SG,24,UTA,11,0,83,10,23,0.435,2,6,0.333,8,17,0.471,0.478,2,2,1,3,9,12,7,1,2,10,8,24,-0.1,-0.1,4.9
2020,Dante Exum,SG,24,CLE,24,1,402,46,96,0.479,13,37,0.351,33,59,0.559,0.547,30,41,0.732,9,46,55,33,12,6,21,30,135,0.5,0,11.6
2020,Tacko Fall,C,24,BOS,6,0,24,9,12,0.75,0,0,,9,12,0.75,0.75,1,3,0.333,0,11,11,0,0,2,3,5,19,0.1,0,23.9
2020,Derrick Favors,C,28,NOP,39,37,933,165,264,0.625,1,6,0.167,164,258,0.636,0.627,32,55,0.582,120,263,383,68,22,38,48,89,363,3.2,0.8,19.1
2020,Cristiano Felício,PF,27,CHI,19,0,370,33,53,0.623,0,2,0,33,51,0.647,0.623,18,23,0.783,51,46,97,14,10,2,18,32,84,0.9,-0.1,12.6
2020,Terrance Ferguson,SF,21,OKC,44,36,1072,70,181,0.387,45,142,0.317,25,39,0.641,0.511,12,15,0.8,21,47,68,44,23,14,28,133,197,0.8,-0.5,4.5
2020,Bruno Fernando,C,21,ATL,48,11,589,85,165,0.515,5,34,0.147,80,131,0.611,0.53,27,45,0.6,60,103,163,39,15,16,40,93,202,0.6,-0.3,11.9
2020,Yogi Ferrell,PG,26,SAC,42,0,467,67,164,0.409,19,66,0.288,48,98,0.49,0.466,30,35,0.857,6,40,46,57,14,4,23,28,183,0.5,0,11.5
2020,Dorian Finney-Smith,PF,26,DAL,58,55,1726,191,417,0.458,91,243,0.374,100,174,0.575,0.567,63,87,0.724,118,205,323,87,39,32,57,136,536,3.9,0.8,12.1
2020,Bryn Forbes,SG,26,SAS,56,55,1413,214,521,0.411,130,340,0.382,84,181,0.464,0.536,62,75,0.827,12,106,118,104,31,0,47,104,620,1.4,-0.2,11.2
2020,Evan Fournier,SG,27,ORL,56,56,1777,373,804,0.464,152,373,0.408,221,431,0.513,0.558,159,193,0.824,13,134,147,176,60,10,111,138,1057,4,1.3,16.5
2020,De'Aaron Fox,PG,22,SAC,39,37,1234,280,594,0.471,40,127,0.315,240,467,0.514,0.505,176,263,0.669,26,133,159,269,56,21,127,112,776,2.7,1,19.7
2020,Melvin Frazier,SG,23,ORL,14,0,48,6,17,0.353,4,7,0.571,2,10,0.2,0.471,2,4,0.5,1,3,4,1,4,2,2,8,18,0,0,9.2
2020,Michael Frazier,SG,25,HOU,8,0,66,4,11,0.364,2,8,0.25,2,3,0.667,0.455,4,6,0.667,1,2,3,1,2,0,2,13,14,0,-0.1,2.4
2020,Tim Frazier,PG,29,DET,27,11,355,34,94,0.362,10,30,0.333,24,64,0.375,0.415,19,24,0.792,9,24,33,93,14,4,36,42,97,0.1,-0.2,9.8
2020,Markelle Fultz,PG,21,ORL,56,51,1582,272,586,0.464,27,105,0.257,245,481,0.509,0.487,91,122,0.746,26,166,192,284,73,9,116,106,662,2.2,0.1,14.1
2020,Wenyen Gabriel,PF,22,TOT,21,1,153,14,35,0.4,3,14,0.214,11,21,0.524,0.443,9,14,0.643,12,16,28,6,5,5,10,25,40,0,0,7.4
2020,Wenyen Gabriel,PF,22,SAC,11,0,61,6,17,0.353,1,8,0.125,5,9,0.556,0.382,6,10,0.6,4,6,10,3,3,2,5,7,19,0,0,7.5
2020,Wenyen Gabriel,PF,22,POR,10,1,92,8,18,0.444,2,6,0.333,6,12,0.5,0.5,3,4,0.75,8,10,18,3,2,3,5,18,21,0.1,-0.1,7.2
2020,Daniel Gafford,C,21,CHI,37,7,498,79,115,0.687,0,0,,79,115,0.687,0.687,24,48,0.5,45,48,93,16,12,47,23,78,182,1.5,0.1,16.6
2020,Danilo Gallinari,PF,31,OKC,50,50,1533,297,674,0.441,149,365,0.408,148,309,0.479,0.551,216,240,0.9,31,247,278,110,34,4,68,63,959,5.4,2.1,19.6
2020,Langston Galloway,SG,28,DET,60,6,1553,211,485,0.435,121,302,0.401,90,183,0.492,0.56,71,82,0.866,28,104,132,94,42,10,37,85,614,2.9,0.5,12.3
2020,Darius Garland,PG,20,CLE,56,56,1725,263,659,0.399,102,286,0.357,161,373,0.432,0.476,63,72,0.875,25,82,107,220,42,3,146,88,691,-1.2,-1.6,8.7
2020,Marc Gasol,C,35,TOR,35,35,974,98,231,0.424,50,124,0.403,48,107,0.449,0.532,26,36,0.722,29,197,226,122,28,33,43,101,272,2.7,1,12.1
2020,Rudy Gay,PF,33,SAS,53,5,1105,183,420,0.436,49,156,0.314,134,264,0.508,0.494,89,102,0.873,48,233,281,90,22,23,69,75,504,1.2,0.2,14.2
2020,Paul George,SF,29,LAC,35,35,1022,246,581,0.423,112,287,0.39,134,294,0.456,0.52,142,158,0.899,16,195,211,137,45,19,103,83,746,2.9,1.5,20
2020,Taj Gibson,C,34,NYK,54,48,884,141,245,0.576,3,11,0.273,138,234,0.59,0.582,30,44,0.682,96,136,232,47,23,24,40,109,315,2.1,0.1,15.5
2020,Harry Giles,PF,21,SAC,31,10,430,82,150,0.547,0,0,,82,150,0.547,0.547,23,33,0.697,27,94,121,42,15,12,28,77,187,1,0.1,15.7
2020,Shai Gilgeous-Alexander,SG,21,OKC,58,58,2059,404,871,0.464,72,207,0.348,332,664,0.5,0.505,245,303,0.809,44,323,367,193,65,39,110,98,1125,5.1,1.8,17.7
2020,Rudy Gobert,C,27,UTA,55,55,1905,323,470,0.687,0,0,,323,470,0.687,0.687,207,334,0.62,195,591,786,83,36,105,108,169,853,9,2.8,22
2020,Brandon Goodwin,PG,24,ATL,28,1,367,64,167,0.383,23,78,0.295,41,89,0.461,0.452,25,26,0.962,10,54,64,43,11,4,25,38,176,0,-0.1,11.4
2020,Aaron Gordon,PF,24,ORL,51,51,1656,276,644,0.429,63,202,0.312,213,442,0.482,0.477,116,172,0.674,90,291,381,165,41,27,80,103,731,2.7,0.5,14.5
2020,Eric Gordon,SG,31,HOU,30,13,875,149,398,0.374,85,260,0.327,64,138,0.464,0.481,72,97,0.742,7,52,59,46,21,11,33,62,455,0.8,-0.3,11
2020,Devonte' Graham,PG,24,CHO,56,46,1961,314,842,0.373,190,516,0.368,124,326,0.38,0.486,167,205,0.815,41,158,199,429,53,15,163,104,985,2.6,1.1,15.4
2020,Treveon Graham,SG,26,TOT,47,20,810,73,211,0.346,26,103,0.252,47,108,0.435,0.408,34,48,0.708,39,89,128,33,22,5,24,85,206,0,0,6
2020,Treveon Graham,SG,26,MIN,33,20,663,62,175,0.354,20,83,0.241,42,92,0.457,0.411,27,37,0.73,29,71,100,30,17,2,19,66,171,0.1,-0.6,6.1
2020,Treveon Graham,SG,26,ATL,14,0,147,11,36,0.306,6,20,0.3,5,16,0.313,0.389,7,11,0.636,10,18,28,3,5,3,5,19,35,0,-0.1,5.9
2020,Jerami Grant,PF,25,DEN,57,21,1494,235,495,0.475,77,196,0.393,158,299,0.528,0.553,110,149,0.738,48,155,203,64,36,48,46,118,657,3.7,0.7,14.2
2020,Josh Gray,PG,26,NOP,2,0,23,1,2,0.5,0,0,,1,2,0.5,0.5,0,0,,1,1,2,2,0,0,5,1,2,-0.1,-0.1,-5
2020,Danny Green,SG,32,LAL,55,55,1378,167,394,0.424,106,278,0.381,61,116,0.526,0.558,32,44,0.727,39,151,190,76,69,28,50,116,472,3.2,1.1,11.6
2020,Draymond Green,PF,29,GSW,42,42,1212,122,315,0.387,36,129,0.279,86,186,0.462,0.444,63,83,0.759,23,242,265,262,58,33,95,106,343,1.1,0.5,12.7
2020,JaMychal Green,PF,29,LAC,48,0,994,108,268,0.403,65,181,0.359,43,87,0.494,0.524,31,42,0.738,67,239,306,35,23,18,41,127,312,2.2,0.2,10.5
2020,Javonte Green,SF,26,BOS,41,1,375,48,94,0.511,6,23,0.261,42,71,0.592,0.543,23,36,0.639,16,53,69,21,22,5,16,36,125,1,0.2,13
2020,Jeff Green,PF,33,TOT,33,2,607,85,207,0.411,39,111,0.351,46,96,0.479,0.505,52,67,0.776,15,75,90,23,15,11,32,50,261,0.8,0,11.1
2020,Jeff Green,PF,33,UTA,30,2,553,75,195,0.385,34,104,0.327,41,91,0.451,0.472,49,63,0.778,14,67,81,20,12,10,27,46,233,0.6,0,10.1
2020,Jeff Green,PF,33,HOU,3,0,54,10,12,0.833,5,7,0.714,5,5,1,1.042,3,4,0.75,1,8,9,3,3,1,5,4,28,0.2,0.1,21
2020,Blake Griffin,PF,30,DET,18,18,512,88,250,0.352,27,111,0.243,61,139,0.439,0.406,76,98,0.776,17,67,84,59,7,7,40,27,279,-0.1,-0.3,12
2020,Marko Guduric,SG,24,MEM,36,0,451,57,146,0.39,23,75,0.307,34,71,0.479,0.469,21,23,0.913,12,53,65,42,11,7,34,32,158,0,-0.2,8.2
2020,Kyle Guy,SG,22,SAC,2,0,4,1,2,0.5,0,1,0,1,1,1,0.5,0,0,,0,0,0,0,0,0,0,0,2,0,0,9.9
2020,Rui Hachimura,PF,21,WAS,33,33,969,188,388,0.485,15,61,0.246,173,327,0.529,0.504,64,77,0.831,50,148,198,55,26,5,32,72,455,1.3,-0.3,14.1
2020,Devon Hall,SG,24,OKC,5,0,20,1,5,0.2,0,2,0,1,3,0.333,0.2,3,4,0.75,0,1,1,3,0,0,1,1,5,0,0,3.6
2020,Donta Hall,F,22,DET,1,0,15,1,2,0.5,0,0,,1,2,0.5,0.5,2,2,1,3,1,4,1,0,0,1,2,4,0,0,13.8
2020,Dusty Hannahs,SG,26,MEM,1,0,7,1,3,0.333,0,0,,1,3,0.333,0.333,2,2,1,0,1,1,0,0,0,0,1,4,0,0,10.9
2020,Tim Hardaway,SG,27,DAL,55,42,1520,291,662,0.44,155,380,0.408,136,282,0.482,0.557,102,127,0.803,21,148,169,109,33,4,52,95,839,3.7,0.9,15.4
2020,James Harden,SG,30,HOU,54,54,1992,550,1247,0.441,247,688,0.359,303,559,0.542,0.54,557,645,0.864,58,289,347,400,90,52,239,183,1904,10.9,6,29.4
2020,Maurice Harkless,SF,26,TOT,53,39,1211,118,231,0.511,29,80,0.363,89,151,0.589,0.574,24,42,0.571,48,161,209,51,51,32,47,126,289,2.3,0,9.5
2020,Maurice Harkless,SF,26,LAC,50,38,1141,112,217,0.516,27,73,0.37,85,144,0.59,0.578,24,42,0.571,47,153,200,48,49,30,46,120,275,2.2,0.5,9.6
2020,Maurice Harkless,SF,26,NYK,3,1,70,6,14,0.429,2,7,0.286,4,7,0.571,0.5,0,0,,1,8,9,3,2,2,1,6,14,0.1,0,7.5
2020,Jared Harper,PG,22,PHO,3,0,8,1,4,0.25,0,2,0,1,2,0.5,0.25,0,0,,0,0,0,0,0,0,0,0,2,0,0,-5.3
2020,Montrezl Harrell,C,26,LAC,56,2,1581,430,742,0.58,0,16,0,430,726,0.592,0.58,194,303,0.64,150,245,395,98,37,64,98,130,1054,6.1,1.9,22.9
2020,Gary Harris,SG,25,DEN,49,48,1568,186,466,0.399,59,192,0.307,127,274,0.464,0.462,68,82,0.829,24,119,143,104,64,11,51,104,499,1.6,-0.4,9
2020,Joe Harris,SF,28,BRK,55,55,1723,285,607,0.47,131,323,0.406,154,284,0.542,0.577,55,73,0.753,51,185,236,116,35,14,78,128,756,3.5,0.7,12.5
2020,Tobias Harris,PF,27,PHI,58,58,1997,431,914,0.472,102,282,0.362,329,632,0.521,0.527,140,174,0.805,41,352,393,177,43,32,86,130,1104,5.1,1.4,16.4
2020,Shaquille Harrison,SF,26,CHI,37,4,327,55,121,0.455,7,28,0.25,48,93,0.516,0.483,29,38,0.763,13,45,58,34,21,11,15,36,146,0.8,0.3,16.6
2020,Josh Hart,SF,24,NOP,51,14,1428,183,432,0.424,105,294,0.357,78,138,0.565,0.545,63,85,0.741,48,285,333,80,55,20,57,135,534,2.6,0.6,12
2020,Isaiah Hartenstein,C,21,HOU,23,2,266,44,67,0.657,0,5,0,44,62,0.71,0.657,19,28,0.679,29,61,90,18,9,12,16,41,107,1.1,0.2,18.8
2020,Udonis Haslem,PF,39,MIA,3,0,21,1,6,0.167,0,2,0,1,4,0.25,0.167,3,4,0.75,0,8,8,1,0,0,0,3,5,0,-0.1,3.1
2020,Jaxson Hayes,C,19,NOP,54,12,937,153,231,0.662,1,4,0.25,152,227,0.67,0.665,109,173,0.63,82,140,222,51,22,52,40,140,416,3.5,0.5,18.1
2020,Gordon Hayward,SF,29,BOS,40,40,1335,271,533,0.508,63,164,0.384,208,369,0.564,0.568,85,99,0.859,42,225,267,168,29,17,74,69,690,4.5,1.6,18.3
2020,John Henson,PF,29,TOT,35,3,511,78,145,0.538,6,32,0.188,72,113,0.637,0.559,20,36,0.556,43,101,144,48,19,40,29,66,182,1.2,0,17.4
2020,John Henson,PF,29,CLE,29,2,412,61,120,0.508,6,31,0.194,55,89,0.618,0.533,17,33,0.515,32,82,114,43,16,32,21,55,145,0.9,0.3,17
2020,John Henson,PF,29,DET,6,1,99,17,25,0.68,0,1,0,17,24,0.708,0.68,3,3,1,11,19,30,5,3,8,8,11,37,0.3,0.1,18.9
2020,Dewan Hernandez,C,23,TOR,4,0,11,1,5,0.2,0,1,0,1,4,0.25,0.2,2,2,1,2,5,7,0,1,0,1,6,4,0,-0.1,4.2
2020,Juan Hernangómez,PF,24,TOT,40,6,591,62,169,0.367,26,84,0.31,36,85,0.424,0.444,34,52,0.654,34,92,126,27,8,7,21,44,184,0.5,0,8.6
2020,Juan Hernangómez,PF,24,DEN,34,0,422,38,110,0.345,15,60,0.25,23,50,0.46,0.414,16,25,0.64,24,71,95,22,5,5,18,29,107,0.2,-0.3,6.9
2020,Juan Hernangómez,PF,24,MIN,6,6,169,24,59,0.407,11,24,0.458,13,35,0.371,0.5,18,27,0.667,10,21,31,5,3,2,3,15,77,0.3,-0.1,12.9
2020,Willy Hernangómez,C,25,CHO,25,0,264,55,105,0.524,5,20,0.25,50,85,0.588,0.548,28,48,0.583,31,58,89,17,6,5,22,28,143,0.5,0,18.3
2020,Tyler Herro,SG,20,MIA,46,6,1273,219,529,0.414,99,252,0.393,120,277,0.433,0.508,66,79,0.835,14,172,186,91,29,7,72,58,603,1,-0.1,11.5
2020,Kevin Hervey,PF,23,OKC,6,0,13,0,5,0,0,4,0,0,1,0,0,0,0,,0,2,2,1,0,0,0,1,0,-0.1,-0.1,-12.5
2020,Mario Hezonja,PF,24,POR,41,4,660,61,159,0.384,15,54,0.278,46,105,0.438,0.431,40,49,0.816,23,118,141,31,25,6,29,87,177,0.4,-0.3,7.9
2020,Buddy Hield,SG,27,SAC,57,44,1872,414,964,0.429,215,555,0.387,199,409,0.487,0.541,105,124,0.847,53,228,281,182,51,16,135,137,1148,2.9,1.5,16.2
2020,George Hill,PG,33,MIL,48,0,1017,164,307,0.534,70,142,0.493,94,165,0.57,0.648,61,73,0.836,41,99,140,139,38,4,44,71,459,4.7,1.4,17.6
2020,Solomon Hill,SF,28,TOT,50,3,923,98,240,0.408,57,151,0.377,41,89,0.461,0.527,26,38,0.684,26,121,147,94,33,7,41,75,279,1.2,0,10.1
2020,Solomon Hill,SF,28,MEM,48,3,901,96,233,0.412,56,147,0.381,40,86,0.465,0.532,26,38,0.684,24,120,144,94,31,7,40,73,274,1.2,0.1,10.2
2020,Solomon Hill,SF,28,MIA,2,0,22,2,7,0.286,1,4,0.25,1,3,0.333,0.357,0,0,,2,1,3,0,2,0,1,2,5,0,0,5.3
2020,Jaylen Hoard,SF,20,POR,13,0,103,15,32,0.469,0,3,0,15,29,0.517,0.469,8,13,0.615,14,18,32,4,5,0,4,12,38,0.2,0,14.9
2020,Aaron Holiday,PG,23,IND,51,21,1179,189,455,0.415,76,186,0.409,113,269,0.42,0.499,52,60,0.867,19,96,115,177,36,12,67,92,506,1.7,0.2,12.7
2020,Jrue Holiday,SG,29,NOP,49,49,1701,369,837,0.441,100,283,0.353,269,554,0.486,0.501,102,144,0.708,60,170,230,334,83,41,146,105,940,2.9,1.6,17
2020,Justin Holiday,SG,30,IND,58,2,1470,169,388,0.436,108,259,0.417,61,129,0.473,0.575,43,56,0.768,29,162,191,86,62,38,32,103,489,3.6,1.3,12.7
2020,Rondae Hollis-Jefferson,SF,25,TOR,46,3,903,131,272,0.482,2,17,0.118,129,255,0.506,0.485,90,124,0.726,91,136,227,83,42,20,46,97,354,3,0.7,16.1
2020,Richaun Holmes,C,26,SAC,37,33,1087,204,309,0.66,0,0,,204,309,0.66,0.66,76,93,0.817,113,201,314,37,39,52,46,144,484,4.6,1,20.8
2020,Rodney Hood,SF,27,POR,21,21,619,87,172,0.506,35,71,0.493,52,101,0.515,0.608,21,27,0.778,10,62,72,32,17,4,19,46,230,1.1,0.2,12.2
2020,Al Horford,C,33,PHI,53,50,1617,250,574,0.436,74,232,0.319,176,342,0.515,0.5,43,59,0.729,79,274,353,202,45,48,53,114,617,4.2,1.6,14.9
2020,Talen Horton-Tucker,SG,19,LAL,2,0,5,0,1,0,0,1,0,0,0,,0,0,0,,0,0,0,2,1,0,0,0,0,0,0,14.9
2020,Danuel House,SF,26,HOU,51,40,1556,182,428,0.425,105,277,0.379,77,151,0.51,0.548,64,81,0.79,54,174,228,67,58,28,43,105,533,3.3,0.7,11.7
2020,Dwight Howard,C,34,LAL,56,2,1098,175,238,0.735,3,5,0.6,172,233,0.738,0.742,77,164,0.47,147,283,430,37,22,73,68,182,430,4.5,0.7,18.8
2020,William Howard,SG,26,HOU,2,0,13,0,4,0,0,4,0,0,0,,0,0,0,,0,2,2,1,0,0,1,1,0,-0.1,-0.1,-12.7
2020,Kevin Huerter,SG,21,ATL,48,40,1481,212,518,0.409,108,283,0.382,104,235,0.443,0.514,49,60,0.817,31,168,199,166,42,22,78,114,581,1.1,0.1,11.2
2020,De'Andre Hunter,SF,22,ATL,55,54,1743,249,603,0.413,91,261,0.349,158,342,0.462,0.488,97,126,0.77,32,191,223,100,42,15,88,152,686,0.1,-1.1,8.8
2020,Chandler Hutchison,SF,23,CHI,28,10,527,80,175,0.457,12,38,0.316,68,137,0.496,0.491,46,78,0.59,18,90,108,26,27,7,27,47,218,0.7,-0.1,12.5
2020,Serge Ibaka,C,30,TOR,47,24,1275,303,585,0.518,59,152,0.388,244,433,0.564,0.568,81,111,0.73,97,281,378,62,24,39,94,131,746,3.5,0.7,17.8
2020,Andre Iguodala,SG,36,MIA,6,0,122,10,24,0.417,5,13,0.385,5,11,0.455,0.521,1,4,0.25,8,19,27,12,2,7,7,15,26,0.2,0,9.5
2020,Ersan ?lyasova,PF,32,MIL,52,7,839,134,284,0.472,44,119,0.37,90,165,0.545,0.549,61,73,0.836,56,201,257,45,22,14,30,83,373,3.2,0.6,15.7
2020,Joe Ingles,SF,32,UTA,57,37,1717,197,458,0.43,112,285,0.393,85,173,0.491,0.552,60,77,0.779,20,205,225,295,49,7,111,125,566,3.7,1,12.1
2020,Brandon Ingram,PF,22,NOP,50,50,1699,423,893,0.474,126,315,0.4,297,578,0.514,0.544,264,307,0.86,42,273,315,214,49,35,154,141,1236,4.8,2.2,20.3
2020,Kyrie Irving,PG,27,BRK,20,20,658,199,416,0.478,56,142,0.394,143,274,0.522,0.546,94,102,0.922,22,81,103,128,27,10,52,53,548,3,1.6,26.4
2020,Jonathan Isaac,SF,22,ORL,32,32,949,149,322,0.463,30,91,0.33,119,231,0.515,0.509,56,73,0.767,57,165,222,44,50,78,47,79,384,2.3,1,17
2020,Wesley Iwundu,SF,25,ORL,41,15,749,68,178,0.382,20,62,0.323,48,116,0.414,0.438,54,66,0.818,22,84,106,44,25,10,17,60,210,1.2,-0.2,9.7
2020,Frank Jackson,PG,21,NOP,45,1,583,91,225,0.404,33,105,0.314,58,120,0.483,0.478,44,57,0.772,15,41,56,37,15,4,39,61,259,0,-0.5,8.5
2020,Jaren Jackson,C,20,MEM,54,54,1512,328,701,0.468,135,340,0.397,193,361,0.535,0.564,123,166,0.741,53,201,254,76,36,87,94,219,914,3,0.8,16.2
2020,Josh Jackson,SG,22,MEM,10,0,190,31,71,0.437,8,29,0.276,23,42,0.548,0.493,17,24,0.708,7,33,40,11,7,4,14,19,87,0.1,0,11.7
2020,Justin Jackson,PF,24,DAL,52,2,825,114,285,0.4,41,136,0.301,73,149,0.49,0.472,33,40,0.825,23,105,128,35,10,6,11,55,302,1,-0.3,9.8
2020,Reggie Jackson,PG,29,TOT,16,11,426,81,213,0.38,34,91,0.374,47,122,0.385,0.46,26,33,0.788,12,34,46,82,9,1,27,29,222,0.4,0,13.9
2020,Reggie Jackson,PG,29,DET,14,10,381,76,198,0.384,31,82,0.378,45,116,0.388,0.462,26,33,0.788,11,30,41,72,8,1,23,21,209,0.4,0.1,14.8
2020,Reggie Jackson,PG,29,LAC,2,1,45,5,15,0.333,3,9,0.333,2,6,0.333,0.433,0,0,,1,4,5,10,1,0,4,8,13,0,0,5.7
2020,Justin James,SG,23,SAC,32,0,216,33,78,0.423,9,26,0.346,24,52,0.462,0.481,10,21,0.476,6,24,30,16,6,9,8,16,85,0.2,0.1,11.7
2020,LeBron James,PG,35,LAL,54,54,1884,524,1061,0.494,119,341,0.349,405,720,0.563,0.55,208,301,0.691,53,365,418,573,66,25,216,94,1375,8.2,4.8,25.6
2020,Amile Jefferson,PF,26,ORL,18,0,74,5,14,0.357,0,0,,5,14,0.357,0.357,5,14,0.357,10,13,23,4,1,3,3,7,15,0,-0.1,9
2020,DaQuan Jeffries,SG,22,SAC,6,0,19,3,7,0.429,1,4,0.25,2,3,0.667,0.5,0,0,,1,0,1,1,1,0,0,3,7,0,0,10.7
2020,Ty Jerome,PG,22,PHO,24,0,271,34,94,0.362,11,40,0.275,23,54,0.426,0.42,11,14,0.786,6,32,38,39,14,3,18,25,90,0,-0.1,9.1
2020,Alize Johnson,SF,23,IND,12,0,50,7,15,0.467,0,0,,7,15,0.467,0.467,4,6,0.667,7,10,17,2,0,0,2,6,18,0.1,0,12.5
2020,B.J. Johnson,SF,24,ORL,8,0,46,5,18,0.278,1,6,0.167,4,12,0.333,0.306,2,2,1,1,5,6,2,2,0,3,0,13,-0.1,-0.1,2.6
2020,Cameron Johnson,PF,23,PHO,45,1,890,120,287,0.418,79,199,0.397,41,88,0.466,0.556,32,42,0.762,37,87,124,48,27,13,27,64,351,1.6,0.4,12.1
2020,James Johnson,PF,32,TOT,24,1,433,62,138,0.449,24,66,0.364,38,72,0.528,0.536,23,33,0.697,14,69,83,40,15,23,30,54,171,0.7,0,13
2020,James Johnson,PF,32,MIA,18,0,281,39,87,0.448,16,45,0.356,23,42,0.548,0.54,8,14,0.571,8,44,52,21,6,13,15,34,102,0.4,0,11.2
2020,James Johnson,PF,32,MIN,6,1,152,23,51,0.451,8,21,0.381,15,30,0.5,0.529,15,19,0.789,6,25,31,19,9,10,15,20,69,0.3,0.1,16.2
2020,Keldon Johnson,SF,20,SAS,5,0,25,6,15,0.4,0,1,0,6,14,0.429,0.4,1,2,0.5,2,4,6,3,0,0,1,2,13,0,0,11.1
2020,Stanley Johnson,PF,23,TOR,19,0,95,8,30,0.267,2,13,0.154,6,17,0.353,0.3,5,6,0.833,3,19,22,8,4,2,8,10,23,-0.1,-0.1,3.6
2020,Tyler Johnson,SG,27,PHO,31,3,515,65,171,0.38,24,83,0.289,41,88,0.466,0.45,24,32,0.75,10,42,52,50,12,8,24,43,178,0.1,-0.2,8.1
2020,Nikola Joki?,C,24,DEN,58,58,1882,468,886,0.528,70,211,0.332,398,675,0.59,0.568,201,246,0.817,138,444,582,395,71,40,175,181,1207,8.7,4.9,25.7
2020,Damian Jones,C,24,ATL,51,27,850,118,172,0.686,2,8,0.25,116,164,0.707,0.692,62,84,0.738,71,123,194,32,26,38,28,139,300,2.7,0.2,15.9
2020,Derrick Jones,SF,22,MIA,43,8,1065,136,270,0.504,29,104,0.279,107,166,0.645,0.557,76,97,0.784,46,136,182,42,45,30,25,94,377,3.1,0.6,14.2
2020,Tyus Jones,PG,23,MEM,57,6,1071,169,355,0.476,36,92,0.391,133,263,0.506,0.527,32,43,0.744,8,81,89,255,48,6,48,37,406,2.6,0.7,15.9
2020,DeAndre Jordan,C,31,BRK,48,4,1037,163,245,0.665,0,0,,163,245,0.665,0.665,70,100,0.7,119,353,472,94,18,46,67,96,396,4.5,1.4,20.4
2020,Cory Joseph,PG,28,SAC,57,21,1392,141,338,0.417,43,123,0.35,98,215,0.456,0.481,42,52,0.808,33,117,150,190,38,18,59,109,367,1.8,0,9.9
2020,Mfiondu Kabengele,C,22,LAC,12,0,64,14,32,0.438,9,20,0.45,5,12,0.417,0.578,5,5,1,1,10,11,2,2,2,2,9,42,0.2,0.1,18.2
2020,Frank Kaminsky,C,26,PHO,32,13,718,127,279,0.455,39,112,0.348,88,167,0.527,0.525,59,88,0.67,30,128,158,71,13,10,33,69,352,1.4,0.3,14.6
2020,Enes Kanter,C,27,BOS,45,6,814,165,287,0.575,1,7,0.143,164,280,0.586,0.577,58,82,0.707,126,233,359,45,18,35,50,81,389,3.5,0.7,22.1
2020,Luke Kennard,SG,23,DET,28,25,922,151,342,0.442,73,183,0.399,78,159,0.491,0.548,67,75,0.893,9,89,98,115,12,6,43,65,442,2,0.4,14.4
2020,Stanton Kidd,SF,27,UTA,4,0,15,0,3,0,0,1,0,0,2,0,0,0,0,,0,3,3,1,0,0,2,3,0,-0.1,-0.1,-13.7
2020,Michael Kidd-Gilchrist,PF-SF,26,TOT,15,0,190,19,56,0.339,5,17,0.294,14,39,0.359,0.384,7,9,0.778,10,32,42,10,0,5,8,26,50,-0.1,0,5.2
2020,Michael Kidd-Gilchrist,PF,26,CHO,12,0,160,18,53,0.34,5,17,0.294,13,36,0.361,0.387,7,9,0.778,9,26,35,10,0,3,7,18,48,-0.1,-0.2,6.1
2020,Michael Kidd-Gilchrist,SF,26,DAL,3,0,30,1,3,0.333,0,0,,1,3,0.333,0.333,0,0,,1,6,7,0,0,2,1,8,2,0,0,0.3
2020,Louis King,SF,20,DET,10,0,62,8,21,0.381,4,11,0.364,4,10,0.4,0.476,0,3,0,1,9,10,5,2,0,2,10,20,0,-0.1,6.3
2020,Maxi Kleber,C,28,DAL,57,16,1420,186,399,0.466,92,241,0.382,94,158,0.595,0.581,65,73,0.89,94,207,301,60,16,64,41,129,529,4.1,1,14.6
2020,Brandon Knight,PG,28,TOT,20,0,311,37,110,0.336,27,87,0.31,10,23,0.435,0.459,10,21,0.476,3,22,25,42,7,2,26,28,111,-0.3,0,6.2
2020,Brandon Knight,PG,28,CLE,16,0,241,28,86,0.326,19,64,0.297,9,22,0.409,0.436,4,13,0.308,3,17,20,31,5,2,16,20,79,-0.3,-0.3,5.5
2020,Brandon Knight,PG,28,DET,4,0,70,9,24,0.375,8,23,0.348,1,1,1,0.542,6,8,0.75,0,5,5,11,2,0,10,8,32,0,0,8.4
2020,Kevin Knox,SF,20,NYK,56,4,1018,128,351,0.365,58,179,0.324,70,172,0.407,0.447,58,88,0.659,20,137,157,53,20,22,38,90,372,0.2,-0.5,8.6
2020,John Konchar,SG,23,MEM,7,0,52,7,9,0.778,0,2,0,7,7,1,0.778,1,2,0.5,2,7,9,7,0,1,0,1,15,0.2,0.1,16.6
2020,Furkan Korkmaz,SG,22,PHI,57,12,1225,199,455,0.437,111,280,0.396,88,175,0.503,0.559,43,59,0.729,16,118,134,55,30,14,41,76,552,2.3,0.3,11.9
2020,Luke Kornet,C,24,CHI,36,14,559,82,187,0.439,31,108,0.287,51,79,0.646,0.521,20,28,0.714,22,62,84,32,11,26,14,54,215,1.1,0.1,12.7
2020,Kyle Korver,SF,38,MIL,47,0,782,99,237,0.418,77,189,0.407,22,48,0.458,0.58,26,31,0.839,12,85,97,55,20,11,39,61,301,1.9,0.3,10.6
2020,Rodions Kurucs,PF,21,BRK,33,4,427,57,117,0.487,25,54,0.463,32,63,0.508,0.594,14,22,0.636,16,64,80,29,13,2,32,57,153,0.6,0,9.7
2020,Kyle Kuzma,PF,24,LAL,47,6,1149,218,503,0.433,65,205,0.317,153,298,0.513,0.498,85,116,0.733,42,160,202,61,17,19,73,87,586,1.3,-0.4,11.9
2020,Skal Labissière,C,23,POR,33,1,567,81,147,0.551,3,13,0.231,78,134,0.582,0.561,25,33,0.758,65,104,169,42,7,31,30,89,190,1.4,0.1,15.4
2020,Jeremy Lamb,SG,27,IND,46,42,1291,216,479,0.451,53,158,0.335,163,321,0.508,0.506,92,110,0.836,24,176,200,96,55,22,50,104,577,2.7,0.5,14.1
2020,Romeo Langford,SG,20,BOS,21,1,232,21,50,0.42,5,20,0.25,16,30,0.533,0.47,14,21,0.667,7,13,20,4,6,6,7,23,61,0.3,-0.1,6.9
2020,Zach LaVine,SG,24,CHI,59,59,2048,529,1174,0.451,180,476,0.378,349,698,0.5,0.527,266,329,0.809,41,245,286,247,87,28,205,126,1504,4.1,2.4,19.6
2020,Vic Law,SF,24,ORL,3,0,4,0,2,0,0,1,0,0,1,0,0,0,2,0,0,0,0,0,0,0,0,0,0,-0.1,0,-30.4
2020,Jake Layman,PF,25,MIN,15,2,382,63,139,0.453,20,58,0.345,43,81,0.531,0.525,6,11,0.545,12,32,44,11,12,10,19,33,152,0.1,-0.2,9.5
2020,T.J. Leaf,PF,22,IND,24,1,190,30,69,0.435,5,14,0.357,25,55,0.455,0.471,7,12,0.583,21,43,64,6,8,3,7,18,72,0.4,0,14
2020,Jalen Lecque,PG,19,PHO,4,0,26,4,10,0.4,0,4,0,4,6,0.667,0.4,2,2,1,0,0,0,2,0,0,1,2,10,0,0,5
2020,Courtney Lee,SG,34,DAL,16,4,182,23,45,0.511,14,30,0.467,9,15,0.6,0.667,1,2,0.5,3,15,18,8,8,4,5,19,61,0.4,0.1,12.1
2020,Damion Lee,SG,27,GSW,42,29,1184,177,423,0.418,66,185,0.357,111,238,0.466,0.496,97,110,0.882,31,172,203,107,42,5,57,98,517,1.5,-0.1,12.8
2020,Alex Len,C,26,TOT,42,9,776,143,264,0.542,14,56,0.25,129,208,0.62,0.568,52,83,0.627,74,168,242,43,21,36,43,98,352,1.7,0,17.1
2020,Alex Len,C,26,ATL,40,9,745,142,260,0.546,14,56,0.25,128,204,0.627,0.573,51,81,0.63,69,161,230,42,20,33,39,93,349,1.8,0.3,17.6
2020,Alex Len,C,26,SAC,2,0,31,1,4,0.25,0,0,,1,4,0.25,0.25,1,2,0.5,5,7,12,1,1,3,4,5,3,0,0,5.9
2020,Kawhi Leonard,SF,28,LAC,44,44,1425,418,900,0.464,93,249,0.373,325,651,0.499,0.516,268,298,0.899,44,287,331,230,80,29,130,85,1197,6.3,4,26.7
2020,Meyers Leonard,C,27,MIA,49,49,987,116,223,0.52,51,119,0.429,65,104,0.625,0.635,17,26,0.654,27,221,248,53,13,15,35,103,300,2.2,0.3,11.1
2020,Caris LeVert,SG,25,BRK,31,17,866,182,460,0.396,50,133,0.376,132,327,0.404,0.45,74,105,0.705,29,86,115,115,34,5,81,58,488,0.1,-0.2,12.3
2020,Damian Lillard,PG,29,POR,54,54,1996,507,1102,0.46,212,539,0.393,295,563,0.524,0.556,368,414,0.889,28,207,235,429,52,18,158,91,1594,9.2,4.8,26.8
2020,Nassir Little,PF,19,POR,42,5,532,59,138,0.428,14,54,0.259,45,84,0.536,0.478,26,39,0.667,31,72,103,21,10,14,15,68,158,0.6,-0.2,9.6
2020,Kevon Looney,C,23,GSW,18,4,228,23,68,0.338,1,12,0.083,22,56,0.393,0.346,7,10,0.7,24,32,56,15,11,5,10,30,54,-0.1,-0.3,8
2020,Brook Lopez,C,31,MIL,55,54,1469,217,508,0.427,76,258,0.295,141,250,0.564,0.502,84,101,0.832,35,210,245,91,39,140,55,127,594,4.3,1.5,14.1
2020,Robin Lopez,C,31,MIL,54,3,764,122,242,0.504,27,86,0.314,95,156,0.609,0.56,23,43,0.535,47,84,131,36,9,39,44,65,294,1.6,0.1,11.7
2020,Kevin Love,PF,31,CLE,48,48,1499,281,621,0.452,123,326,0.377,158,295,0.536,0.552,153,180,0.85,42,422,464,143,28,17,120,75,838,3,1.5,17.9
2020,Kyle Lowry,PG,33,TOR,46,46,1676,269,647,0.416,130,368,0.353,139,279,0.498,0.516,215,251,0.857,28,192,220,354,59,20,137,147,883,5.9,2.1,17.5
2020,Timothé Luwawu-Cabarrot,SG,24,BRK,31,0,478,56,133,0.421,29,70,0.414,27,63,0.429,0.53,34,43,0.791,17,57,74,16,13,3,25,55,175,0.7,-0.1,9.2
2020,Trey Lyles,PF,24,SAS,56,46,1040,118,268,0.44,48,132,0.364,70,136,0.515,0.53,22,32,0.688,63,249,312,58,19,22,33,85,306,1.6,0.1,12
2020,Daryl Macon,SG,24,MIA,4,0,14,1,3,0.333,1,2,0.5,0,1,0,0.5,0,0,,0,0,0,1,0,0,2,1,3,0,0,-3
2020,J.P. Macura,SG,24,CLE,1,0,1,0,0,,0,0,,0,0,,,0,0,,0,0,0,0,0,0,0,0,0,0,0,0
2020,Josh Magette,PG,30,ORL,8,0,38,5,15,0.333,1,4,0.25,4,11,0.364,0.367,1,2,0.5,1,5,6,5,3,1,5,4,12,-0.1,0,5.2
2020,Ian Mahinmi,C,33,WAS,36,33,774,101,200,0.505,5,26,0.192,96,174,0.552,0.518,70,112,0.625,75,135,210,48,28,43,45,109,277,1.4,-0.1,14.5
2020,Thon Maker,C,22,DET,55,13,702,86,172,0.5,20,58,0.345,66,114,0.579,0.558,68,102,0.667,49,101,150,37,22,35,44,90,260,1.5,0.1,14
2020,Terance Mann,SG,23,LAC,35,6,271,22,54,0.407,3,12,0.25,19,42,0.452,0.435,9,12,0.75,4,29,33,38,8,5,14,36,56,0.3,-0.1,7.1
2020,Boban Marjanovi?,C,31,DAL,30,1,263,70,128,0.547,3,11,0.273,67,117,0.573,0.559,27,37,0.73,37,79,116,11,4,6,21,41,170,0.9,0,22.1
2020,Lauri Markkanen,PF,22,CHI,46,46,1395,233,550,0.424,101,294,0.344,132,256,0.516,0.515,123,149,0.826,57,241,298,70,39,22,77,92,690,2.5,0.5,14.4
2020,Caleb Martin,SF,24,CHO,10,1,133,12,35,0.343,5,12,0.417,7,23,0.304,0.414,4,7,0.571,3,14,17,9,3,3,7,15,33,-0.1,-0.2,4.7
2020,Cody Martin,SF,24,CHO,40,1,663,66,162,0.407,14,63,0.222,52,99,0.525,0.451,33,52,0.635,30,88,118,58,30,7,30,61,179,0.5,-0.1,9.9
2020,Jeremiah Martin,PG,23,BRK,2,0,11,1,4,0.25,0,0,,1,4,0.25,0.25,0,0,,0,1,1,1,1,0,0,0,2,0,0,4.8
2020,Kelan Martin,SF,24,MIN,25,4,431,61,156,0.391,22,82,0.268,39,74,0.527,0.462,22,22,1,9,76,85,17,6,9,14,43,166,0.2,-0.2,9.1
2020,Frank Mason,PG,25,MIL,4,0,18,1,7,0.143,1,4,0.25,0,3,0,0.214,2,4,0.5,1,1,2,5,1,0,1,2,5,0,0,6
2020,Garrison Mathews,SG,23,WAS,16,0,202,23,50,0.46,18,42,0.429,5,8,0.625,0.64,29,32,0.906,6,17,23,10,3,1,7,26,93,0.6,0.1,14.1
2020,Wesley Matthews,SG,33,MIL,55,55,1346,139,341,0.408,89,238,0.374,50,103,0.485,0.538,44,58,0.759,12,119,131,81,31,9,39,80,411,2.8,0.1,8.4
2020,Patrick McCaw,SF,24,TOR,31,11,747,60,137,0.438,21,58,0.362,39,79,0.494,0.515,12,16,0.75,16,51,67,70,33,4,25,48,153,1.4,0.2,8.3
2020,CJ McCollum,SG,28,POR,55,55,1974,475,1062,0.447,154,397,0.388,321,665,0.483,0.52,99,134,0.739,35,187,222,227,39,36,102,137,1203,2.8,1.3,16.6
2020,T.J. McConnell,PG,27,IND,56,3,1061,167,322,0.519,4,13,0.308,163,309,0.528,0.525,29,35,0.829,28,120,148,287,39,11,77,59,367,2.7,0.7,16.5
2020,Jalen McDaniels,PF,22,CHO,8,0,123,14,30,0.467,6,13,0.462,8,17,0.471,0.567,6,8,0.75,5,23,28,2,5,0,3,13,40,0.2,0,11.6
2020,Doug McDermott,PF,28,IND,58,0,1183,227,467,0.486,110,251,0.438,117,216,0.542,0.604,40,49,0.816,22,125,147,65,7,4,35,101,604,2.7,0.5,14
2020,JaVale McGee,C,32,LAL,54,54,899,163,254,0.642,3,6,0.5,160,248,0.645,0.648,43,67,0.642,101,216,317,33,26,82,40,128,372,4,1,20.6
2020,Rodney McGruder,SG,28,LAC,45,3,714,56,148,0.378,20,75,0.267,36,73,0.493,0.446,13,26,0.5,25,98,123,29,22,8,20,66,145,0.7,-0.2,6.1
2020,Alfonzo McKinnie,SF,27,CLE,37,1,531,63,152,0.414,12,59,0.203,51,93,0.548,0.454,20,29,0.69,31,71,102,13,21,6,23,64,158,0.1,-0.5,8.2
2020,Jordan McLaughlin,PG,23,MIN,22,2,423,60,130,0.462,23,58,0.397,37,72,0.514,0.55,15,20,0.75,4,35,39,87,22,4,17,21,158,1.2,0.3,16
2020,Ben McLemore,SG,26,HOU,57,18,1338,199,446,0.446,146,371,0.394,53,75,0.707,0.61,45,60,0.75,18,110,128,50,35,12,44,116,589,2.8,0.5,11.9
2020,Jordan McRae,SG,28,TOT,32,4,681,135,322,0.419,42,110,0.382,93,212,0.439,0.484,67,87,0.77,18,91,109,86,20,16,38,63,379,0.8,0,15.4
2020,Jordan McRae,SG,28,WAS,29,4,654,133,317,0.42,40,106,0.377,93,211,0.441,0.483,64,83,0.771,17,87,104,82,19,15,38,61,370,0.7,0.3,15.2
2020,Jordan McRae,SG,28,DEN,3,0,27,2,5,0.4,2,4,0.5,0,1,0,0.6,3,4,0.75,1,4,5,4,1,1,0,2,9,0.1,0,19.5
2020,Nicolò Melli,C,29,NOP,46,6,750,109,232,0.47,59,149,0.396,50,83,0.602,0.597,30,39,0.769,30,106,136,52,25,16,36,88,307,1.6,0.3,13.1
2020,De'Anthony Melton,PG,21,MEM,44,0,821,126,293,0.43,25,86,0.291,101,207,0.488,0.473,81,97,0.835,29,128,157,130,55,14,65,79,358,1.5,0.5,15.3
2020,Chimezie Metu,PF,22,SAS,16,0,73,20,35,0.571,0,1,0,20,34,0.588,0.571,6,8,0.75,10,16,26,6,1,4,5,4,46,0.2,0.1,25.6
2020,Khris Middleton,SF,28,MIL,51,48,1525,393,773,0.508,124,283,0.438,269,490,0.549,0.589,166,183,0.907,39,280,319,215,49,7,103,113,1076,7.3,2.7,22.3
2020,Eric Mika,PF,25,SAC,1,0,19,2,3,0.667,0,0,,2,3,0.667,0.667,2,2,1,2,5,7,0,0,0,0,5,6,0.1,0,14
2020,C.J. Miles,SG,32,WAS,10,0,161,19,59,0.322,11,35,0.314,8,24,0.333,0.415,15,20,0.75,4,8,12,12,10,4,4,14,64,0.1,0,11.1
2020,Malcolm Miller,SF,26,TOR,24,1,124,8,23,0.348,6,18,0.333,2,5,0.4,0.478,1,6,0.167,1,13,14,8,4,2,3,12,23,0.1,0,5.1
2020,Patty Mills,PG,31,SAS,56,1,1281,221,518,0.427,134,348,0.385,87,170,0.512,0.556,80,95,0.842,18,72,90,103,44,5,47,85,656,2.3,0.6,14.6
2020,Paul Millsap,PF,34,DEN,38,35,927,161,334,0.482,42,95,0.442,119,239,0.498,0.545,96,113,0.85,74,151,225,59,34,26,49,108,460,3.2,0.8,18.2
2020,Shake Milton,SG,23,PHI,25,9,390,58,132,0.439,25,68,0.368,33,64,0.516,0.534,26,33,0.788,7,44,51,42,10,2,27,44,167,0.6,-0.1,11.2
2020,Donovan Mitchell,SG,23,UTA,56,56,1928,505,1101,0.459,138,376,0.367,367,725,0.506,0.521,221,257,0.86,37,204,241,238,60,11,152,137,1369,4.8,2.1,19.4
2020,Naz Mitrou-Long,SG,26,IND,3,0,43,6,16,0.375,2,11,0.182,4,5,0.8,0.438,0,0,,0,6,6,7,1,1,2,1,14,0,0,10.1
2020,Adam Mokoka,SG,21,CHI,9,0,76,8,20,0.4,4,10,0.4,4,10,0.4,0.5,0,2,0,6,3,9,3,2,0,1,11,20,0.1,0,7.2
2020,Malik Monk,SG,21,CHO,55,1,1169,212,488,0.434,58,204,0.284,154,284,0.542,0.494,82,100,0.82,27,130,157,114,25,16,77,74,564,0.6,-0.1,12.7
2020,Matt Mooney,SG,22,CLE,2,0,5,1,2,0.5,0,1,0,1,1,1,0.5,0,0,,0,1,1,1,0,1,0,1,2,0,0,21.6
2020,E'Twaun Moore,SG,30,NOP,45,5,865,162,381,0.425,56,150,0.373,106,231,0.459,0.499,27,41,0.659,28,83,111,67,25,8,32,68,407,0.8,-0.2,11.6
2020,Ja Morant,PG,20,MEM,51,51,1522,340,690,0.493,38,110,0.345,302,580,0.521,0.52,180,231,0.779,32,140,172,346,48,13,166,79,898,2.6,0.7,17.8
2020,Juwan Morgan,PF,22,UTA,16,0,74,9,17,0.529,1,5,0.2,8,12,0.667,0.559,0,0,,5,14,19,2,0,1,3,7,19,0.1,0,8.8
2020,Marcus Morris,SF-PF,30,TOT,48,48,1542,303,688,0.44,123,287,0.429,180,401,0.449,0.53,164,200,0.82,50,203,253,67,38,22,84,141,893,3,0,15.6
2020,Marcus Morris,SF,30,NYK,43,43,1387,281,636,0.442,116,264,0.439,165,372,0.444,0.533,163,198,0.823,48,185,233,59,34,17,73,128,841,3,0.9,16.6
2020,Marcus Morris,PF,30,LAC,5,5,155,22,52,0.423,7,23,0.304,15,29,0.517,0.49,1,2,0.5,2,18,20,8,4,5,11,13,52,0,-0.1,6.8
2020,Markieff Morris,PF,30,TOT,45,16,1003,176,392,0.449,75,191,0.393,101,201,0.502,0.545,63,81,0.778,24,150,174,69,26,12,70,107,490,1.1,0,12.7
2020,Markieff Morris,PF,30,DET,44,16,988,175,389,0.45,75,189,0.397,100,200,0.5,0.546,61,79,0.772,24,149,173,69,26,11,70,104,486,1.1,0,12.8
2020,Markieff Morris,F,30,LAL,1,0,15,1,3,0.333,0,2,0,1,1,1,0.333,2,2,1,0,1,1,0,0,1,0,3,4,0,0,5.8
2020,Monte Morris,PG,24,DEN,58,8,1240,201,432,0.465,48,124,0.387,153,308,0.497,0.521,44,55,0.8,20,86,106,210,47,12,39,58,494,3.3,0.8,15.5
2020,Johnathan Motley,PF,24,LAC,13,0,41,11,15,0.733,1,1,1,10,14,0.714,0.767,5,7,0.714,3,7,10,8,3,0,5,6,28,0.3,0.1,28.4
2020,Emmanuel Mudiay,PG,23,UTA,47,1,748,135,287,0.47,27,75,0.36,108,212,0.509,0.517,52,69,0.754,17,97,114,107,19,10,64,62,349,1.2,0.2,13.8
2020,Dejounte Murray,PG,23,SAS,52,44,1284,221,458,0.483,29,75,0.387,192,383,0.501,0.514,70,88,0.795,60,240,300,209,87,13,97,112,541,2.5,1,17.2
2020,Jamal Murray,PG,22,DEN,48,48,1561,337,738,0.457,87,255,0.341,250,483,0.518,0.516,144,162,0.889,35,154,189,232,59,15,108,83,905,3.8,1.4,18
2020,Danan Musa,SF,20,BRK,35,0,404,50,139,0.36,15,65,0.231,35,74,0.473,0.414,33,44,0.75,19,52,71,31,13,1,29,25,148,0.1,-0.3,8.4
2020,Mike Muscala,C,28,OKC,38,0,468,62,150,0.413,41,113,0.363,21,37,0.568,0.55,18,22,0.818,13,77,90,31,7,10,13,46,183,1.1,0.2,12.7
2020,Sviatoslav Mykhailiuk,SF,22,DET,50,21,1098,144,338,0.426,99,240,0.413,45,98,0.459,0.572,49,57,0.86,15,70,85,81,32,4,52,74,436,1.6,0.1,11.3
2020,Abdel Nader,SF,26,OKC,42,5,643,87,185,0.47,34,91,0.374,53,94,0.564,0.562,38,48,0.792,12,59,71,27,17,13,33,55,246,1,0.1,11
2020,Larry Nance,C,27,CLE,48,8,1214,190,358,0.531,46,136,0.338,144,222,0.649,0.595,40,59,0.678,89,260,349,93,42,21,52,79,466,3.1,1,17.1
2020,Shabazz Napier,PG,28,TOT,43,22,1005,140,336,0.417,59,188,0.314,81,148,0.547,0.504,85,103,0.825,20,105,125,217,51,8,90,75,424,1.7,0,14.8
2020,Shabazz Napier,PG,28,MIN,36,22,856,114,283,0.403,47,159,0.296,67,124,0.54,0.486,72,88,0.818,17,93,110,187,40,7,76,62,347,1.3,0.3,14.1
2020,Shabazz Napier,PG,28,WAS,7,0,149,26,53,0.491,12,29,0.414,14,24,0.583,0.604,13,15,0.867,3,12,15,30,11,1,14,13,77,0.4,0.2,19.1
2020,Raul Neto,PG,27,PHI,46,3,515,68,158,0.43,24,65,0.369,44,93,0.473,0.506,18,22,0.818,11,39,50,68,21,5,36,38,178,0.7,0,10.5
2020,Malik Newman,SG,22,CLE,1,0,4,0,2,0,0,1,0,0,1,0,0,2,2,1,0,0,0,0,0,0,1,0,2,0,0,-11.2
2020,Georges Niang,PF,26,UTA,51,0,687,103,228,0.452,65,157,0.414,38,71,0.535,0.594,19,22,0.864,11,87,98,34,12,5,25,59,290,1.5,0.4,12.1
2020,Nerlens Noel,C,25,OKC,49,6,911,158,231,0.684,1,3,0.333,157,228,0.689,0.686,70,90,0.778,76,165,241,51,51,72,47,129,387,4.5,1.5,22.2
2020,Zach Norvell,SG,22,TOT,5,0,41,3,12,0.25,3,8,0.375,0,4,0,0.375,1,1,1,0,6,6,3,2,0,3,4,10,-0.1,0,2.6
2020,Zach Norvell,SG,22,LAL,2,0,5,0,1,0,0,0,,0,1,0,0,0,0,,0,1,1,0,0,0,0,0,0,0,0,-5.6
2020,Zach Norvell,SG,22,GSW,3,0,36,3,11,0.273,3,8,0.375,0,3,0,0.409,1,1,1,0,5,5,3,2,0,3,4,10,-0.1,-0.1,3.8
2020,Jaylen Nowell,SG,20,MIN,11,0,122,16,45,0.356,3,23,0.13,13,22,0.591,0.389,11,12,0.917,3,7,10,14,0,1,3,7,46,0,-0.1,8.9
2020,Frank Ntilikina,PG,21,NYK,50,26,1041,110,286,0.385,36,116,0.31,74,170,0.435,0.448,40,46,0.87,21,89,110,149,47,16,64,124,296,0.6,-0.4,9.2
2020,Kendrick Nunn,SG,24,MIA,54,54,1624,331,744,0.445,107,308,0.347,224,436,0.514,0.517,72,85,0.847,15,129,144,191,48,11,91,120,841,2.1,0,13.4
2020,David Nwaba,SF,27,BRK,20,0,268,37,71,0.521,12,28,0.429,25,43,0.581,0.606,18,27,0.667,8,37,45,8,11,12,8,32,104,0.8,0.2,14.1
2020,Royce O'Neale,PF,26,UTA,57,48,1649,122,274,0.445,69,172,0.401,53,102,0.52,0.571,28,35,0.8,22,275,297,145,42,23,47,162,341,3.6,1.2,9.1
2020,Kyle O'Quinn,C,29,PHI,22,1,221,32,64,0.5,7,21,0.333,25,43,0.581,0.555,5,11,0.455,27,54,81,32,4,17,18,29,76,0.7,0.2,17.5
2020,Semi Ojeleye,PF,25,BOS,54,4,783,52,130,0.4,29,81,0.358,23,49,0.469,0.512,24,27,0.889,20,80,100,29,18,4,10,57,157,1.5,0.1,7.3
2020,Jahlil Okafor,C,24,NOP,28,9,424,88,144,0.611,1,2,0.5,87,142,0.613,0.615,37,58,0.638,46,73,119,36,7,19,36,63,214,1.1,0.2,17.9
2020,Elie Okobo,PG,22,PHO,48,3,632,63,161,0.391,23,65,0.354,40,96,0.417,0.463,41,61,0.672,14,62,76,101,22,4,33,45,190,0.8,0,10.5
2020,Josh Okogie,SG,21,MIN,54,20,1325,147,353,0.416,35,140,0.25,112,213,0.526,0.466,137,174,0.787,74,162,236,83,62,22,77,118,466,1.8,-0.2,11.6
2020,KZ Okpala,SF,20,MIA,5,0,26,3,5,0.6,0,1,0,3,4,0.75,0.6,1,2,0.5,1,4,5,1,2,1,1,2,7,0.1,0,13.8
2020,Victor Oladipo,SG,27,IND,8,5,200,31,93,0.333,11,44,0.25,20,49,0.408,0.392,13,17,0.765,6,11,17,21,4,1,16,12,86,-0.3,-0.3,6.1
2020,Kelly Olynyk,C,28,MIA,51,5,986,130,284,0.458,67,167,0.401,63,117,0.538,0.576,63,73,0.863,33,197,230,77,35,17,57,126,390,2.5,0.5,13.6
2020,Miye Oni,SG,22,UTA,3,0,8,0,0,,0,0,,0,0,,,0,0,,0,1,1,0,0,0,1,0,0,0,0,-5
2020,Cedi Osman,SF,24,CLE,57,57,1652,233,525,0.444,107,281,0.381,126,244,0.516,0.546,51,80,0.638,28,175,203,137,46,15,79,137,624,1.4,-0.1,10.9
2020,Kelly Oubre,SF,24,PHO,56,55,1933,373,826,0.452,108,307,0.352,265,519,0.511,0.517,192,246,0.78,67,294,361,85,71,40,83,192,1046,3.8,0.7,15
2020,Tariq Owens,PF,24,PHO,3,0,15,1,5,0.2,0,2,0,1,3,0.333,0.2,2,2,1,2,1,3,0,1,0,0,1,4,0,0,8.5
2020,Jeremy Pargo,PG,33,GSW,3,0,44,11,22,0.5,3,7,0.429,8,15,0.533,0.568,0,1,0,1,2,3,8,1,0,4,8,25,0,0,12.8
2020,Jabari Parker,PF,24,TOT,33,23,852,199,399,0.499,31,116,0.267,168,283,0.594,0.538,55,74,0.743,54,141,195,60,42,15,60,94,484,1.2,0,17.1
2020,Jabari Parker,PF,24,ATL,32,23,837,198,393,0.504,31,115,0.27,167,278,0.601,0.543,53,72,0.736,54,137,191,58,42,15,60,93,480,1.2,0.4,17.3
2020,Jabari Parker,PF,24,SAC,1,0,15,1,6,0.167,0,1,0,1,5,0.2,0.167,2,2,1,0,4,4,2,0,0,0,1,4,0,0,4.1
2020,Chandler Parsons,SF,31,ATL,5,0,54,5,18,0.278,4,14,0.286,1,4,0.25,0.389,0,0,,1,6,7,3,4,1,3,3,14,-0.1,-0.1,5.6
2020,Eric Paschall,PF,23,GSW,53,26,1433,268,549,0.488,30,109,0.275,238,440,0.541,0.515,133,171,0.778,74,174,248,89,31,13,85,115,699,1.3,-0.6,13.5
2020,Anejs Pase??iks,C,24,WAS,20,0,370,54,102,0.529,0,2,0,54,100,0.54,0.529,31,50,0.62,37,57,94,17,8,10,22,58,139,0.5,-0.3,12.3
2020,Patrick Patterson,PF,30,LAC,47,18,585,73,182,0.401,52,137,0.38,21,45,0.467,0.544,27,34,0.794,29,88,117,31,6,3,15,40,225,1.5,0.4,11.9
2020,Justin Patton,C,22,OKC,5,0,24,4,10,0.4,1,4,0.25,3,6,0.5,0.45,0,0,,1,4,5,2,0,0,2,4,9,0,-0.1,4.7
2020,Chris Paul,PG,34,OKC,57,57,1812,352,724,0.486,92,255,0.361,260,469,0.554,0.55,204,228,0.895,20,268,288,382,87,8,121,129,1000,7.4,2.8,21.6
2020,Elfrid Payton,PG,25,NYK,36,27,988,153,356,0.43,14,59,0.237,139,297,0.468,0.449,30,56,0.536,43,126,169,247,61,16,72,74,350,1.3,0.6,15.9
2020,Gary Payton,PG,27,WAS,24,17,407,44,108,0.407,12,41,0.293,32,67,0.478,0.463,4,8,0.5,25,48,73,45,32,7,19,48,104,0.4,0,11.2
2020,Norvel Pelle,C,26,PHI,17,0,170,18,33,0.545,0,0,,18,33,0.545,0.545,6,12,0.5,15,43,58,7,1,25,13,36,42,0.3,-0.1,12.2
2020,Theo Pinson,SG,24,BRK,29,0,346,45,152,0.296,15,78,0.192,30,74,0.405,0.345,15,16,0.938,10,41,51,53,15,2,32,33,120,-0.5,-0.5,5.3
2020,Mason Plumlee,C,29,DEN,46,1,797,135,220,0.614,0,4,0,135,216,0.625,0.614,68,123,0.553,80,171,251,112,25,28,68,104,338,2.7,0.9,19.1
2020,Vincent Poirier,C,26,BOS,21,0,114,16,33,0.485,1,2,0.5,15,31,0.484,0.5,6,7,0.857,10,24,34,7,2,6,6,23,39,0.3,-0.1,12.7
2020,Jakob Pöltl,C,24,SAS,56,9,951,133,215,0.619,0,0,,133,215,0.619,0.619,35,70,0.5,103,203,306,100,30,84,44,95,301,3.3,1.2,19.8
2020,Shamorie Ponds,PG,21,TOR,4,0,11,3,5,0.6,1,2,0.5,2,3,0.667,0.7,2,2,1,0,1,1,2,0,1,0,2,9,0.1,0,33.3
2020,Jordan Poole,SG,20,GSW,51,13,1129,140,450,0.311,63,240,0.263,77,210,0.367,0.381,84,102,0.824,7,100,107,106,32,9,59,87,427,-1.5,-1.6,6.2
2020,Kevin Porter,SF,19,CLE,45,2,1019,167,368,0.454,47,133,0.353,120,235,0.511,0.518,65,90,0.722,20,124,144,89,42,10,86,126,446,0.3,-0.5,10.9
2020,Michael Porter,PF,21,DEN,42,1,596,130,256,0.508,39,93,0.419,91,163,0.558,0.584,31,39,0.795,46,138,184,30,17,18,33,70,330,1.9,0.5,19.3
2020,Otto Porter,SF,26,CHI,9,9,226,35,84,0.417,16,40,0.4,19,44,0.432,0.512,15,20,0.75,8,23,31,14,9,3,7,20,101,0.5,0.1,13.5
2020,Bobby Portis,C,24,NYK,57,4,1194,214,494,0.433,58,166,0.349,156,328,0.476,0.492,64,83,0.771,76,228,304,89,28,11,64,100,550,1.5,0.2,14.1
2020,Kristaps Porzi??is,PF,24,DAL,44,44,1342,279,669,0.417,102,294,0.347,177,375,0.472,0.493,153,196,0.781,71,331,402,70,30,84,72,136,813,3.4,1,18.8
2020,Dwight Powell,C,28,DAL,40,37,1061,146,229,0.638,10,39,0.256,136,190,0.716,0.659,74,111,0.667,75,152,227,59,34,22,36,102,376,3.7,0.9,16.1
2020,Norman Powell,SG,26,TOR,38,17,1072,210,422,0.498,77,192,0.401,133,230,0.578,0.589,84,100,0.84,22,125,147,64,48,14,57,76,581,3.4,1.1,16.7
2020,Julius Randle,PF,25,NYK,55,55,1798,391,867,0.451,55,211,0.261,336,656,0.512,0.483,210,295,0.712,127,403,530,177,45,18,169,153,1047,1.8,0.6,16.6
2020,Josh Reaves,SG,22,DAL,2,0,1,0,1,0,0,0,,0,1,0,0,0,0,,0,0,0,0,0,0,0,0,0,0,0,-40.2
2020,Cam Reddish,SF,20,ATL,51,32,1346,169,472,0.358,63,211,0.299,106,261,0.406,0.425,91,113,0.805,33,157,190,78,54,24,82,119,492,-0.8,-0.9,7.9
2020,J.J. Redick,SG,35,NOP,53,35,1421,251,558,0.45,156,345,0.452,95,213,0.446,0.59,147,163,0.902,9,130,139,106,19,9,65,86,805,3.6,0.9,15.2
2020,Naz Reid,C,20,MIN,22,3,297,65,159,0.409,26,73,0.356,39,86,0.453,0.491,22,29,0.759,19,52,71,18,10,13,14,56,178,0.5,0,15.6
2020,Josh Richardson,SG,26,PHI,44,42,1368,231,537,0.43,67,202,0.332,164,335,0.49,0.493,97,121,0.802,36,110,146,139,42,28,90,116,626,1.9,0.1,12.1
2020,Austin Rivers,SG,27,HOU,53,4,1246,162,387,0.419,72,208,0.346,90,179,0.503,0.512,55,80,0.688,19,108,127,82,37,9,32,99,451,1.9,-0.1,10.1
2020,Duncan Robinson,SF,25,MIA,57,52,1676,241,530,0.455,202,465,0.434,39,65,0.6,0.645,41,46,0.891,8,171,179,81,28,13,46,161,725,4,0.8,12.3
2020,Glenn Robinson,SF,26,TOT,53,50,1588,260,535,0.486,68,177,0.384,192,358,0.536,0.55,63,74,0.851,67,166,233,89,51,15,51,88,651,2.3,0,13.4
2020,Glenn Robinson,SF,26,GSW,48,48,1516,244,507,0.481,68,170,0.4,176,337,0.522,0.548,63,74,0.851,66,160,226,85,45,14,50,82,619,2.1,0,13.2
2020,Glenn Robinson,SF,26,PHI,5,2,72,16,28,0.571,0,7,0,16,21,0.762,0.571,0,0,,1,6,7,4,6,1,1,6,32,0.2,0.1,16.7
2020,Jerome Robinson,SG,22,TOT,48,1,579,58,169,0.343,24,80,0.3,34,89,0.382,0.414,12,21,0.571,6,77,83,53,15,8,29,68,152,-0.1,0,5
2020,Jerome Robinson,SG,22,LAC,42,1,476,46,136,0.338,19,67,0.284,27,69,0.391,0.408,11,19,0.579,5,55,60,46,13,8,26,55,122,0,-0.4,4.8
2020,Jerome Robinson,SG,22,WAS,6,0,103,12,33,0.364,5,13,0.385,7,20,0.35,0.439,1,2,0.5,1,22,23,7,2,0,3,13,30,0,-0.1,5.9
2020,Justin Robinson,PG,22,WAS,9,0,49,5,12,0.417,3,5,0.6,2,7,0.286,0.542,0,0,,1,4,5,7,0,1,3,2,13,0,0,8.3
2020,Mitchell Robinson,C,21,NYK,53,7,1197,208,284,0.732,0,0,,208,284,0.732,0.732,70,121,0.579,153,204,357,30,47,103,35,177,486,5.6,1.4,22.7
2020,Isaiah Roby,SF,21,OKC,2,0,5,0,1,0,0,0,,0,1,0,0,0,0,,0,1,1,0,0,0,0,0,0,0,0,-5.7
2020,Rajon Rondo,PG,33,LAL,41,2,847,120,283,0.424,38,109,0.349,82,174,0.471,0.491,26,39,0.667,21,110,131,213,36,2,78,50,304,1.6,0.4,13.5
2020,Derrick Rose,PG,31,DET,48,13,1258,351,724,0.485,43,144,0.299,308,580,0.531,0.515,119,137,0.869,25,90,115,272,38,15,122,48,864,2.4,1.3,20.7
2020,Terrence Ross,SG,28,ORL,55,0,1474,254,654,0.388,125,383,0.326,129,271,0.476,0.484,115,138,0.833,13,161,174,60,62,19,54,79,748,1.8,0.3,12.9
2020,Terry Rozier,PG,25,CHO,56,56,1905,342,824,0.415,144,371,0.388,198,453,0.437,0.502,146,168,0.869,44,207,251,228,57,10,129,113,974,2.1,0.5,14.2
2020,Ricky Rubio,PG,29,PHO,50,50,1568,216,535,0.404,55,161,0.342,161,374,0.43,0.455,142,170,0.835,36,187,223,434,77,9,132,124,629,3.3,0.9,15.6
2020,D'Angelo Russell,PG,23,TOT,37,37,1193,304,706,0.431,132,355,0.372,172,351,0.49,0.524,134,166,0.807,15,122,137,240,35,10,115,73,874,1.8,0,19.5
2020,D'Angelo Russell,PG,23,GSW,33,33,1060,273,635,0.43,120,321,0.374,153,314,0.487,0.524,113,144,0.785,14,108,122,206,31,9,101,64,779,1.3,1.2,19.3
2020,D'Angelo Russell,PG,23,MIN,4,4,133,31,71,0.437,12,34,0.353,19,37,0.514,0.521,21,22,0.955,1,14,15,34,4,1,14,9,95,0.4,0.1,21.6
2020,Domantas Sabonis,C,23,IND,55,55,1898,401,743,0.54,14,59,0.237,387,684,0.566,0.549,192,263,0.73,167,521,688,268,40,28,148,181,1008,6.7,2.5,20.8
2020,JaKarr Sampson,SF,26,IND,20,10,275,40,68,0.588,2,12,0.167,38,56,0.679,0.603,4,10,0.4,11,34,45,4,7,9,6,35,86,0.6,0,10.9
2020,Dario ari?,PF,25,PHO,51,43,1229,180,402,0.448,61,191,0.319,119,211,0.564,0.524,63,74,0.851,76,221,297,96,30,12,65,113,484,2.1,0.3,12.7
2020,Tomá Satoranský,PG,28,CHI,59,59,1704,220,500,0.44,62,185,0.335,158,315,0.502,0.502,100,115,0.87,63,158,221,323,76,7,116,125,602,3.6,0.5,14.1
2020,Admiral Schofield,SF,22,WAS,26,2,292,30,75,0.4,14,47,0.298,16,28,0.571,0.493,9,13,0.692,6,28,34,14,8,3,7,41,83,0.1,-0.2,6.8
2020,Dennis Schröder,PG,26,OKC,57,1,1775,404,854,0.473,113,293,0.386,291,561,0.519,0.539,166,195,0.851,19,198,217,231,38,13,147,127,1087,3.4,0.9,16.9
2020,Mike Scott,PF,31,PHI,56,7,959,110,278,0.396,62,182,0.341,48,96,0.5,0.507,24,27,0.889,44,143,187,32,17,4,20,68,306,1.7,-0.1,9.5
2020,Thabo Sefolosha,PF,35,HOU,40,0,428,37,90,0.411,15,54,0.278,22,36,0.611,0.494,3,8,0.375,21,72,93,25,24,12,14,43,92,0.7,0.1,9.9
2020,Collin Sexton,SG,21,CLE,57,57,1833,427,933,0.458,79,215,0.367,348,718,0.485,0.5,191,224,0.853,56,122,178,160,54,7,125,123,1124,1.9,-0.1,15.7
2020,Landry Shamet,SG,22,LAC,40,27,1169,136,314,0.433,98,240,0.408,38,74,0.514,0.589,50,56,0.893,4,78,82,77,18,8,32,118,420,2.6,0.2,9.7
2020,Marial Shayok,SG,24,PHI,2,0,10,1,5,0.2,1,3,0.333,0,2,0,0.3,0,0,,0,3,3,1,0,0,1,0,3,0,0,-1.9
2020,Iman Shumpert,SG,29,BRK,13,0,241,21,64,0.328,8,33,0.242,13,31,0.419,0.391,4,7,0.571,9,25,34,12,12,2,10,21,54,0,-0.2,5.3
2020,Pascal Siakam,PF,25,TOR,47,47,1645,411,886,0.464,104,279,0.373,307,607,0.506,0.523,187,232,0.806,53,299,352,161,44,44,114,128,1113,4.8,1.9,19.2
2020,Chris Silva,PF,23,MIA,39,0,306,43,69,0.623,0,2,0,43,67,0.642,0.623,34,49,0.694,54,55,109,21,9,18,31,80,120,1.1,0,17.3
2020,Ben Simmons,PG,23,PHI,54,54,1930,361,617,0.585,2,6,0.333,359,611,0.588,0.587,178,284,0.627,108,315,423,442,115,32,192,173,902,7.2,2.8,20.8
2020,Anfernee Simons,SG,20,POR,58,4,1286,194,482,0.402,67,200,0.335,127,282,0.45,0.472,69,85,0.812,23,117,140,89,21,9,56,115,524,0.2,-0.8,9.3
2020,Alen Smailagi?,PF,19,GSW,14,0,139,20,40,0.5,3,13,0.231,17,27,0.63,0.538,16,19,0.842,10,17,27,13,3,4,11,14,59,0.2,0,14.6
2020,Marcus Smart,SG,25,BOS,46,32,1460,192,509,0.377,106,298,0.356,86,211,0.408,0.481,85,105,0.81,32,138,170,219,74,23,75,121,575,3.5,1.2,13.6
2020,Dennis Smith,PG,22,NYK,32,3,510,66,194,0.34,16,52,0.308,50,142,0.352,0.381,26,51,0.51,20,57,77,95,28,8,55,60,174,-0.7,-0.5,8
2020,Ish Smith,PG,31,WAS,56,19,1483,250,552,0.453,53,146,0.363,197,406,0.485,0.501,46,68,0.676,27,151,178,268,50,23,71,79,599,1.7,0.3,14
2020,Zhaire Smith,SG,20,PHI,7,0,32,3,11,0.273,0,3,0,3,8,0.375,0.273,2,4,0.5,0,2,2,2,3,0,2,4,8,-0.1,-0.1,1.1
2020,Tony Snell,SF,28,DET,53,51,1452,156,343,0.455,95,231,0.411,61,112,0.545,0.593,22,22,1,8,88,96,103,26,12,26,86,429,2.4,0.1,9.8
2020,Omari Spellman,PF,22,GSW,49,3,886,127,295,0.431,43,110,0.391,84,185,0.454,0.503,73,92,0.793,77,142,219,47,33,24,54,63,370,1.2,0,14.5
2020,Max Strus,SG,23,CHI,2,0,6,2,3,0.667,0,1,0,2,2,1,0.667,1,1,1,1,0,1,0,0,0,0,1,5,0,0,30.8
2020,Edmond Sumner,PG,24,IND,20,2,268,35,80,0.438,8,26,0.308,27,54,0.5,0.488,8,13,0.615,8,21,29,28,13,6,15,28,86,0.3,-0.1,10.2
2020,Caleb Swanigan,PF,22,TOT,20,1,218,22,40,0.55,0,2,0,22,38,0.579,0.55,9,17,0.529,23,53,76,17,2,6,25,45,53,0,0,7.8
2020,Caleb Swanigan,PF,22,SAC,7,0,23,2,4,0.5,0,0,,2,4,0.5,0.5,1,2,0.5,2,5,7,2,1,2,6,8,5,-0.1,-0.1,0
2020,Caleb Swanigan,PF,22,POR,13,1,195,20,36,0.556,0,2,0,20,34,0.588,0.556,8,15,0.533,21,48,69,15,1,4,19,37,48,0.1,-0.2,8.8
2020,Jayson Tatum,PF,21,BOS,53,53,1814,440,979,0.449,147,372,0.395,293,607,0.483,0.525,199,242,0.822,54,314,368,152,71,49,115,111,1226,5.7,2.6,20.3
2020,Jeff Teague,PG,31,TOT,51,16,1307,186,432,0.431,38,104,0.365,148,328,0.451,0.475,157,180,0.872,22,102,124,281,40,16,106,99,567,2.2,0,14.5
2020,Jeff Teague,PG,31,MIN,34,13,945,145,324,0.448,33,87,0.379,112,237,0.473,0.498,125,144,0.868,15,73,88,208,25,13,76,70,448,2.2,0.3,16.1
2020,Jeff Teague,PG,31,ATL,17,3,362,41,108,0.38,5,17,0.294,36,91,0.396,0.403,32,36,0.889,7,29,36,73,15,3,30,29,119,0.1,-0.2,10.5
2020,Garrett Temple,SG,33,BRK,51,31,1439,185,486,0.381,106,320,0.331,79,166,0.476,0.49,53,69,0.768,26,150,176,128,41,21,53,89,529,2.1,0.4,10.4
2020,Daniel Theis,C,27,BOS,51,50,1183,181,326,0.555,23,72,0.319,158,254,0.622,0.59,66,89,0.742,112,221,333,80,32,66,43,178,451,4.9,1.2,17.7
2020,Isaiah Thomas,PG,30,WAS,40,37,925,174,426,0.408,78,189,0.413,96,237,0.405,0.5,62,76,0.816,11,57,68,146,13,6,77,77,488,0,-0.6,11.7
2020,Khyri Thomas,SG,23,DET,3,0,19,1,4,0.25,1,3,0.333,0,1,0,0.375,1,2,0.5,0,0,0,1,0,0,1,2,4,0,0,-1.2
2020,Matt Thomas,SG,25,TOR,27,0,279,48,93,0.516,34,66,0.515,14,27,0.519,0.699,5,7,0.714,5,32,37,16,7,0,10,25,135,1,0.3,15.1
2020,Tristan Thompson,C,28,CLE,53,48,1612,270,523,0.516,9,18,0.5,261,505,0.517,0.525,97,153,0.634,215,328,543,111,32,46,98,115,646,3,0.2,17.2
2020,Matisse Thybulle,SG,22,PHI,50,10,992,80,200,0.4,47,128,0.367,33,72,0.458,0.518,24,37,0.649,27,49,76,59,71,40,41,113,231,1.8,0.6,9.4
2020,Anthony Tolliver,PF,34,TOT,42,9,636,46,134,0.343,32,104,0.308,14,30,0.467,0.463,14,21,0.667,29,92,121,32,12,10,25,60,138,0.2,0,6.6
2020,Anthony Tolliver,PF,34,POR,33,9,554,43,117,0.368,30,89,0.337,13,28,0.464,0.496,13,19,0.684,27,83,110,29,8,9,21,54,129,0.4,-0.2,7.6
2020,Anthony Tolliver,PF,34,SAC,9,0,82,3,17,0.176,2,15,0.133,1,2,0.5,0.235,1,2,0.5,2,9,11,3,4,1,4,6,9,-0.2,-0.1,0.3
2020,Juan Toscano-Anderson,SF,26,GSW,6,0,121,17,32,0.531,5,11,0.455,12,21,0.571,0.609,2,3,0.667,1,22,23,13,8,3,7,8,41,0.2,0.1,14.5
2020,Karl-Anthony Towns,C,24,MIN,35,35,1187,316,622,0.508,114,277,0.412,202,345,0.586,0.6,180,226,0.796,95,283,378,153,33,42,110,117,926,5.2,2.9,26.7
2020,Gary Trent,SG,21,POR,46,5,867,117,276,0.424,67,167,0.401,50,109,0.459,0.545,21,24,0.875,18,53,71,42,36,11,14,54,322,1.4,0.3,12.2
2020,Allonzo Trier,PG,24,NYK,21,1,252,40,89,0.449,17,48,0.354,23,41,0.561,0.545,32,41,0.78,5,22,27,24,2,4,21,24,129,0.3,0,13.2
2020,P.J. Tucker,PF,34,HOU,57,57,1977,149,339,0.44,85,229,0.371,64,110,0.582,0.565,37,44,0.841,86,305,391,90,65,25,59,186,420,3.7,0.3,8.8
2020,Rayjon Tucker,SG,22,UTA,14,0,78,8,19,0.421,0,6,0,8,13,0.615,0.421,3,5,0.6,2,11,13,2,1,0,3,7,19,0,-0.1,4.5
2020,Evan Turner,PG,31,ATL,19,0,251,25,67,0.373,0,5,0,25,62,0.403,0.373,12,14,0.857,8,30,38,38,9,8,26,20,62,-0.3,-0.2,6.8
2020,Myles Turner,C,23,IND,48,48,1394,196,443,0.442,68,201,0.338,128,242,0.529,0.519,96,126,0.762,57,244,301,58,38,97,61,117,556,3.1,0.7,14.5
2020,Jonas Valan?i?nas,C,27,MEM,54,54,1397,329,572,0.575,27,74,0.365,302,498,0.606,0.599,94,131,0.718,154,413,567,99,24,62,96,143,779,4.6,1.3,21.4
2020,Denzel Valentine,SF,26,CHI,30,0,366,66,164,0.402,36,101,0.356,30,63,0.476,0.512,5,5,1,4,53,57,34,20,5,20,40,173,0.4,0.2,12.7
2020,Jarred Vanderbilt,SF-PF,20,TOT,11,0,46,5,8,0.625,0,1,0,5,7,0.714,0.625,2,2,1,3,6,9,2,3,1,7,6,12,0,0,7.6
2020,Jarred Vanderbilt,SF,20,DEN,9,0,41,5,7,0.714,0,0,,5,7,0.714,0.714,0,0,,3,5,8,2,3,1,7,6,10,0,0,7.2
2020,Jarred Vanderbilt,PF,20,MIN,2,0,5,0,1,0,0,1,0,0,0,,0,2,2,1,0,1,1,0,0,0,0,0,2,0,0,11.2
2020,Fred VanVleet,PG,25,TOR,48,48,1719,287,701,0.409,131,338,0.388,156,363,0.43,0.503,140,166,0.843,18,162,180,317,91,13,110,118,845,5,1.9,16
2020,Gabe Vincent,PG,23,MIA,4,0,41,4,19,0.211,4,16,0.25,0,3,0,0.316,0,0,,0,3,3,3,1,0,0,2,12,-0.1,-0.1,1.3
2020,Noah Vonleh,C-PF,24,TOT,32,1,363,50,89,0.562,3,15,0.2,47,74,0.635,0.579,24,30,0.8,36,86,122,27,11,6,21,38,127,1,0,15.6
2020,Noah Vonleh,C,24,MIN,29,1,347,47,86,0.547,2,14,0.143,45,72,0.625,0.558,23,28,0.821,34,82,116,26,11,6,19,36,119,0.9,0.1,15.4
2020,Noah Vonleh,PF,24,DEN,3,0,16,3,3,1,1,1,1,2,2,1,1.167,1,2,0.5,2,4,6,1,0,0,2,2,8,0.1,0,20.9
2020,Nikola Vu?evi?,C,29,ORL,46,46,1486,354,773,0.458,76,225,0.338,278,548,0.507,0.507,93,119,0.782,119,379,498,170,43,43,65,105,877,4.6,2.4,21.7
2020,Dean Wade,PF,23,CLE,10,0,54,7,10,0.7,2,3,0.667,5,7,0.714,0.8,0,1,0,2,14,16,1,2,3,3,7,16,0.1,0,13.9
2020,Moritz Wagner,C,22,WAS,29,4,586,117,205,0.571,23,65,0.354,94,140,0.671,0.627,54,68,0.794,38,128,166,41,18,16,50,106,311,1.4,0.1,17.2
2020,Dion Waiters,SG,28,MIA,3,0,42,10,26,0.385,8,17,0.471,2,9,0.222,0.538,0,1,0,0,11,11,3,0,2,3,5,28,0,0,13.7
2020,Kemba Walker,PG,29,BOS,46,46,1481,332,773,0.429,156,402,0.388,176,371,0.474,0.53,181,209,0.866,31,158,189,230,45,25,97,73,1001,5.5,2.7,21
2020,Lonnie Walker,SG,21,SAS,48,3,670,104,241,0.432,24,63,0.381,80,178,0.449,0.481,38,53,0.717,18,82,100,37,24,9,27,59,270,0.4,-0.3,11
2020,Tyrone Wallace,SG,25,ATL,14,0,160,14,44,0.318,1,15,0.067,13,29,0.448,0.33,11,17,0.647,3,19,22,13,7,1,10,19,40,-0.2,-0.3,3.9
2020,Taurean Waller-Prince,SF,25,BRK,56,56,1653,249,650,0.383,134,381,0.352,115,269,0.428,0.486,58,75,0.773,43,298,341,109,52,23,112,136,690,1.1,-0.2,9.8
2020,Derrick Walton,PG,24,TOT,24,1,228,17,37,0.459,9,22,0.409,8,15,0.533,0.581,7,9,0.778,2,13,15,23,5,0,4,19,50,0.5,0,8.4
2020,Derrick Walton,PG,24,LAC,23,1,222,17,36,0.472,9,21,0.429,8,15,0.533,0.597,7,9,0.778,2,13,15,22,4,0,4,19,50,0.5,0,8.4
2020,Derrick Walton,G,24,DET,1,0,6,0,1,0,0,1,0,0,0,,0,0,0,,0,0,0,1,1,0,0,0,0,0,0,7.4
2020,Brad Wanamaker,PG,30,BOS,56,0,1065,122,287,0.425,31,80,0.388,91,207,0.44,0.479,97,105,0.924,17,98,115,150,42,11,61,105,372,2.6,0.2,12.3
2020,T.J. Warren,SF,26,IND,55,55,1770,408,773,0.528,61,164,0.372,347,609,0.57,0.567,139,173,0.803,53,157,210,77,66,25,66,150,1016,4.8,1,17.4
2020,P.J. Washington,PF,21,CHO,50,49,1507,224,484,0.463,67,173,0.387,157,311,0.505,0.532,76,117,0.65,48,224,272,106,47,39,81,135,591,1.7,0.1,12.4
2020,Yuta Watanabe,SG,25,MEM,9,0,49,6,14,0.429,2,4,0.5,4,10,0.4,0.5,2,4,0.5,1,7,8,1,1,1,1,5,16,0,0,7.9
2020,Tremont Waters,PG,22,BOS,9,0,73,10,28,0.357,2,15,0.133,8,13,0.615,0.393,6,6,1,0,7,7,10,5,2,8,10,28,0,0,8.2
2020,Paul Watson,SF-SG,25,TOT,5,0,25,0,8,0,0,4,0,0,4,0,0,1,2,0.5,0,4,4,5,1,1,0,1,1,-0.1,0,-0.4
2020,Paul Watson,SG,25,ATL,2,0,17,0,7,0,0,3,0,0,4,0,0,0,0,,0,2,2,3,1,0,0,1,0,-0.1,-0.1,-7.1
2020,Paul Watson,SF,25,TOR,3,0,8,0,1,0,0,1,0,0,0,,0,1,2,0.5,0,2,2,2,0,1,0,0,1,0,0,13.6
2020,Quinndary Weatherspoon,SG,23,SAS,1,0,4,0,1,0,0,0,,0,1,0,0,0,0,,0,0,0,0,0,0,0,0,0,0,0,-10
2020,Russell Westbrook,PG,31,HOU,47,47,1690,497,1066,0.466,46,187,0.246,451,879,0.513,0.488,238,302,0.788,78,293,371,338,75,16,203,170,1278,3.9,1.6,21.3
2020,Coby White,SG,19,CHI,59,0,1468,261,674,0.387,116,326,0.356,145,348,0.417,0.473,87,112,0.777,27,181,208,142,44,6,93,104,725,0.7,-0.4,11.4
2020,Derrick White,SG,25,SAS,54,11,1284,185,407,0.455,50,138,0.362,135,269,0.502,0.516,125,147,0.85,28,138,166,181,31,43,62,109,545,2.9,0.9,15.6
2020,Hassan Whiteside,C,30,POR,54,54,1677,357,584,0.611,3,5,0.6,354,579,0.611,0.614,139,201,0.692,216,550,766,68,21,165,105,162,856,7,2.2,24.7
2020,Andrew Wiggins,SF-SG,24,TOT,48,48,1648,393,877,0.448,102,301,0.339,291,576,0.505,0.506,169,234,0.722,56,184,240,172,38,45,119,112,1057,1.9,0,16.6
2020,Andrew Wiggins,SF,24,MIN,42,42,1455,351,790,0.444,91,275,0.331,260,515,0.505,0.502,149,207,0.72,48,171,219,155,29,36,107,101,942,1.5,0.6,16.2
2020,Andrew Wiggins,SG,24,GSW,6,6,193,42,87,0.483,11,26,0.423,31,61,0.508,0.546,20,27,0.741,8,13,21,17,9,9,12,11,115,0.4,0.2,19.1
2020,Grant Williams,PF,21,BOS,55,4,850,72,171,0.421,20,74,0.27,52,97,0.536,0.48,37,51,0.725,54,90,144,57,23,31,44,135,201,1.4,-0.1,8.3
2020,Johnathan Williams,C,24,WAS,11,5,135,16,25,0.64,0,2,0,16,23,0.696,0.64,3,5,0.6,15,28,43,6,1,6,4,11,35,0.3,0,14.4
2020,Kenrich Williams,PF,25,NOP,35,18,779,49,143,0.343,25,96,0.26,24,47,0.511,0.43,9,24,0.375,49,129,178,53,25,21,21,81,132,0.8,0,7.7
2020,Lou Williams,SG,33,LAC,54,8,1614,342,827,0.414,97,274,0.354,245,553,0.443,0.472,265,306,0.866,26,145,171,316,34,10,162,74,1046,3.4,1,17.2
2020,Marvin Williams,PF,33,TOT,46,1,894,102,229,0.445,49,132,0.371,53,97,0.546,0.552,45,52,0.865,18,108,126,46,33,23,26,82,298,1.8,0,11.9
2020,Marvin Williams,PF,33,CHO,41,1,808,94,210,0.448,44,117,0.376,50,93,0.538,0.552,43,50,0.86,15,94,109,41,26,22,25,71,275,1.4,0.1,11.8
2020,Marvin Williams,PF,33,MIL,5,0,86,8,19,0.421,5,15,0.333,3,4,0.75,0.553,2,2,1,3,14,17,5,7,1,1,11,23,0.3,0.1,12.5
2020,Robert Williams,C,22,BOS,19,1,269,33,49,0.673,0,0,,33,49,0.673,0.673,8,14,0.571,23,64,87,21,17,21,16,34,74,1.1,0.4,18.2
2020,Nigel Williams-Goss,PG,25,UTA,9,0,28,1,7,0.143,0,2,0,1,5,0.2,0.143,2,2,1,2,3,5,5,1,1,2,2,4,0,0,5.7
2020,Zion Williamson,PF,19,NOP,13,13,370,114,199,0.573,5,12,0.417,109,187,0.583,0.585,70,113,0.619,44,48,92,30,9,5,32,21,303,1.2,0.4,25.4
2020,D.J. Wilson,PF,23,MIL,28,0,243,34,84,0.405,11,46,0.239,23,38,0.605,0.47,5,7,0.714,7,48,55,18,1,5,14,22,84,0.2,-0.1,7.7
2020,Justise Winslow,SF,23,MIA,11,5,352,50,129,0.388,6,27,0.222,44,102,0.431,0.411,18,27,0.667,16,57,73,44,7,5,24,38,124,0,-0.1,8.7
2020,Christian Wood,PF,24,DET,56,6,1105,228,409,0.557,43,115,0.374,185,294,0.629,0.61,159,212,0.75,87,247,334,46,26,49,69,86,658,4.2,1.3,22.7
2020,Delon Wright,SG,27,DAL,56,4,1191,159,335,0.475,36,97,0.371,123,238,0.517,0.528,66,84,0.786,61,155,216,187,59,18,53,71,420,3.8,1.4,16.8
2020,Justin Wright-Foreman,PG,22,UTA,1,0,2,0,0,,0,0,,0,0,,,0,0,,0,0,0,0,0,0,0,0,0,0,0,0
2020,Thaddeus Young,PF,31,CHI,58,14,1423,240,536,0.448,72,195,0.369,168,341,0.493,0.515,36,61,0.59,84,197,281,101,76,20,93,120,588,1.6,0.2,13
2020,Trae Young,PG,21,ATL,53,53,1877,491,1103,0.445,186,503,0.37,305,600,0.508,0.529,418,488,0.857,29,206,235,487,60,6,258,92,1586,5.5,3.1,24.4
2020,Cody Zeller,C,27,CHO,53,34,1224,232,449,0.517,17,72,0.236,215,377,0.57,0.536,106,156,0.679,146,230,376,77,36,24,66,131,587,3.1,0.3,18.5
2020,Ante ii?,C,23,CLE,17,0,168,31,52,0.596,0,0,,31,52,0.596,0.596,14,16,0.875,14,41,55,3,7,4,7,20,76,0.5,0,19
2020,Ivica Zubac,C,22,LAC,57,55,1021,183,310,0.59,0,2,0,183,308,0.594,0.59,90,122,0.738,151,260,411,62,11,56,48,134,456,4.7,1.1,20.9
